Unit,Gd Pt,Plot Size,Tree No.,Spp,DBH 2010,Tree Class,  Comments,Latitude,Longnitude
A2,A050,7.98,570,Hw,14,1,estimated dbh,,
A2,A050,7.98,575,Hw,18.2,4,,,
A2,A050,7.98,572,Cw,22.4,1,,,
A2,A050,7.98,571,Hw,26,1,estimated dbh,,
A2,A050,7.98,569,Hw,27.2,1,,,
A2,A050,7.98,576,Hw,32.7,1,,,
A2,A050,7.98,573,Hw,35.1,1,,,
A2,A050,7.98,578,Sx,37.7,1,,,
A2,A050,7.98,574,Hw,38.1,1,,,
A2,A050,7.98,568,Hw,38.4,1,,55.46878,127.82092
A2,A050,7.98,577,Hw,45.2,1,,,
A2,B050,5.64,564,Cw,10,1,,,
A2,B050,5.64,565,Hw,10.1,1,,,
A2,B050,5.64,560,Hw,13.8,1,,,
A2,B050,5.64,566,Hw,15.3,1,,,
A2,B050,5.64,563,Hw,16.1,1,tag 562 missing,,
A2,B050,5.64,561,Cw,19,1,,,
A2,B050,5.64,558,Cw,30.6,1,,55.46801,127.82005
A2,B050,5.64,559,Hw,32.2,1,,,
A2,B050,5.64,567,Ac,49,1,,,
A2,B150,5.64,582,Hw,10.1,1,,,
A2,B150,5.64,579,Hw,12,1,,55.46913,127.82009
A2,B150,5.64,581,Hw,39,1,,,
A2,B150,5.64,584,Hw,46.7,1,,,
A2,B150,5.64,580,Hw,54,1,,,
A2,B150,5.64,583,Cw,54.4,1,,,
A2,C000,5.64,555,Cw,10.4,1,,,
A2,C000,5.64,552,Hw,10.5,1,,,
A2,C000,5.64,557,Cw,10.5,1,,,
A2,C000,5.64,549,Cw,12,1,,55.46755,127.81919
A2,C000,5.64,553,Hw,24.3,1,,,
A2,C000,5.64,550,Hw,27.4,4,Stub,,
A2,C000,5.64,554,Hw,33.5,1,,,
A2,C000,5.64,551,Hw,34.2,1,,,
A2,C000,5.64,556,Hw,42.7,1,,,
A2,C100,5.64,586,Cw,12.4,1,,,
A2,C100,5.64,592,Cw,15.3,1,,,
A2,C100,5.64,591,Ep,18.7,1,,,
A2,C100,5.64,588,Hw,19,1,,,
A2,C100,5.64,585,Cw,24.2,1,,55.46852,127.81921
A2,C100,5.64,589,Hw,28,1,,,
A2,C100,5.64,587,Hw,36.1,1,,,
A2,C100,5.64,590,Hw,44.2,2,,,
A2,D050,3.99,602,Hw,11.3,1,,,
A2,D050,3.99,608,Hw,11.4,1,,,
A2,D050,3.99,604,Hw,14.3,1,,,
A2,D050,3.99,601,Cw,14.7,1,,,
A2,D050,3.99,609,Hw,16.2,1,,,
A2,D050,3.99,603,Sw,17,4,,,
A2,D050,3.99,606,Hw,17.8,1,,,
A2,D050,3.99,600,Hw,20.1,1,,55.46763,127.81834
A2,D050,3.99,607,Pl,27.3,2,,,
A2,D050,3.99,605,Hw,32.4,1,,,
A2,D200,7.98,594,Hw,12.4,4,,,
A2,D200,7.98,598,Cw,18.8,1,,,
A2,D200,7.98,595,Hw,29.5,1,,,
A2,D200,7.98,596,Hw,31.9,1,,,
A2,D200,7.98,599,Hw,41.6,1,,,
A2,D200,7.98,597,Hw,45.2,1,,,
A2,D200,7.98,593,Hw,52.5,1,,55.46883,127.81824
A2,E050,5.64,618,Cw,10.1,1,,,
A2,E050,5.64,611,Hw,11.5,1,,,
A2,E050,5.64,616,Hw,13,1,,,
A2,E050,5.64,617,Hw,13.7,1,,,
A2,E050,5.64,612,Hw,21.2,1,,,
A2,E050,5.64,614,Hw,38.1,1,tag 613 missing,,
A2,E050,5.64,610,Hw,39,1,,55.46738,127.81774
A2,E050,5.64,615,Hw,41.4,1,,,
A2,E200,5.64,621,Bl,14,4,,,
A2,E200,5.64,627,Hw,14.3,1,,,
A2,E200,5.64,626,Hw,17.5,1,,,
A2,E200,5.64,619,Hw,20.6,1,,55.4688,127.8177
A2,E200,5.64,628,Pl,25.4,4,,,
A2,E200,5.64,624,Hw,26.6,1,,,
A2,E200,5.64,625,Bl,28.8,4,,,
A2,E200,5.64,623,Cw,29.4,1,,,
A2,E200,5.64,620,Hw,30.6,1,,,
A2,E200,5.64,629,Hw,32.6,1,,,
A2,E200,5.64,630,Hw,39.3,1,,,
A2,E200,5.64,622,Cw,60.1,1,,,
A2,F000,3.99,662,Hw,10.9,1,,,
A2,F000,3.99,657,Hw,11.8,4,,,
A2,F000,3.99,656,Hw,12.5,1,tag 655 missing,55.46695,127.81686
A2,F000,3.99,659,Hw,22,1,,,
A2,F000,3.99,660,Hw,24.4,1,,,
A2,F000,3.99,661,Hw,26.1,1,,,
A2,F000,3.99,658,Hw,27.2,1,,,
A2,F000,3.99,664,Hw,31.5,1,,,
A2,F000,3.99,663,Hw,41.6,1,,,
A2,F100,3.99,653,Hw,11,1,,,
A2,F100,3.99,654,Hw,12.9,1,,,
A2,F100,3.99,649,Ep,14,4,,,
A2,F100,3.99,647,Hw,14.9,1,,,
A2,F100,3.99,652,Cw,15.1,1,,,
A2,F100,3.99,651,Hw,15.5,1,,,
A2,F100,3.99,648,Ep,18.8,4,,,
A2,F100,3.99,650,Hw,26,1,,,
A2,F100,3.99,646,Hw,32.1,1,,55.46783,127.81695
A2,F250,7.98,633,Hw,10,1,,,
A2,F250,7.98,639,Hw,12.3,2,,,
A2,F250,7.98,644,Hw,16.5,1,,,
A2,F250,7.98,631,Hw,17.3,1,,55.46923,127.81684
A2,F250,7.98,637,Hw,18.5,1,,,
A2,F250,7.98,642,Cw,22,1,,,
A2,F250,7.98,636,Hw,22.8,1,,,
A2,F250,7.98,634,Hw,36.3,1,,,
A2,F250,7.98,632,Hw,37.5,1,,,
A2,F250,7.98,635,Hw,38.1,1,,,
A2,F250,7.98,641,Cw,38.1,1,,,
A2,F250,7.98,645,Hw,45,1,,,
A2,F250,7.98,638,Hw,48.1,1,,,
A2,F250,7.98,640,Hw,53.5,1,,,
A2,F250,7.98,643,Cw,106.9,1,,,
A2,G000,7.98,666,Hw,14.7,1,,,
A2,G000,7.98,669,Hw,27.6,1,,,
A2,G000,7.98,665,Hw,31.7,1,,55.46647,127.81609
A2,G000,7.98,671,Hw,33.5,1,,,
A2,G000,7.98,672,Hw,35.8,1,,,
A2,G000,7.98,668,Hw,36.9,1,,,
A2,G000,7.98,670,Hw,37.1,1,,,
A2,G000,7.98,667,Hw,38.2,1,,,
A2,G000,7.98,673,Hw,62.4,4,,,
A2,G100,3.99,675,Hw,11,1,,,
A2,G100,3.99,677,Hw,13.6,1,,,
A2,G100,3.99,674,Cw,22.4,1,,55.46758,127.81617
A2,G100,3.99,679,Hw,22.5,1,,,
A2,G100,3.99,676,Hw,22.7,1,,,
A2,G100,3.99,678,Cw,29,1,,,
A2,G100,3.99,680,Hw,32.3,1,,,
A2,G250,5.64,684,Hw,11.8,1,,,
A2,G250,5.64,686,Cw,14.8,1,,,
A2,G250,5.64,681,Hw,21.4,1,Out of sequence in plot,55.46872,127.8161
A2,G250,5.64,685,Hw,34.9,1,,,
A2,G250,5.64,682,Hw,37.6,1,,,
A2,G250,5.64,687,Sw,37.8,4,,,
A2,G250,5.64,683,Hw,41,1,,,
A2,G250,5.64,689,Hw,45.9,4,,,
A2,G250,5.64,688,Cw,48.4,1,,,
A2,H050,7.98,114,Hw,10.3,1,,,
A2,H050,7.98,112,Hw,11.1,1,,,
A2,H050,7.98,119,Hw,11.5,4,,,
A2,H050,7.98,108,Hw,11.6,1,,55.46596,127.81516
A2,H050,7.98,111,Cw,12,1,,,
A2,H050,7.98,115,Hw,12,1,Estimated dbh,,
A2,H050,7.98,110,Hw,14.3,1,,,
A2,H050,7.98,113,Hw,16.1,1,,,
A2,H050,7.98,121,Hw,18.1,1,,,
A2,H050,7.98,117,Hw,22.6,1,,,
A2,H050,7.98,120,Hw,23.8,1,,,
A2,H050,7.98,118,Hw,31.4,1,,,
A2,H050,7.98,122,Hw,32.9,1,,,
A2,H050,7.98,116,Hw,34.5,1,Estimated dbh,,
A2,H050,7.98,109,Sw,36.9,1,,,
A2,H150,5.64,101,Cw,11.2,1,,55.4671,127.81515
A2,H150,5.64,104,Hw,13.2,1,,,
A2,H150,5.64,102,Cw,16.2,1,,,
A2,H150,5.64,106,Ep,22,1,,,
A2,H150,5.64,107,Hw,26.6,1,,,
A2,H150,5.64,105,Hw,39.2,1,,,
A2,H150,5.64,103,Hw,39.7,1,,,
A2,H250,5.64,699,Hw,11,2,,,
A2,H250,5.64,696,Hw,12.1,4,,,
A2,H250,5.64,695,Ep,15.9,1,,,
A2,H250,5.64,694,Hw,16.9,1,,55.46778,127.8152
A2,H250,5.64,700,Cw,22.8,1,,,
A2,H250,5.64,698,Cw,37.8,1,,,
A2,H250,5.64,697,Hw,41.7,1,,,
A2,H350,3.99,692,Hw,18.8,1,,,
A2,H350,3.99,691,Ep,22.3,1,,,
A2,H350,3.99,693,Hw,41.1,1,,,
A2,H350,3.99,690,Cw,85.2,1,,55.46867,127.81524
A2,I050,3.99,127,Cw,10,1,,,
A2,I050,3.99,126,Hw,10.1,1,,,
A2,I050,3.99,129,Cw,10.1,1,,,
A2,I050,3.99,123,Hw,13.3,1,,55.46651,127.81434
A2,I050,3.99,124,Hw,21.8,1,,,
A2,I050,3.99,128,Hw,22.8,1,,,
A2,I050,3.99,130,Pl,22.9,1,,,
A2,I050,3.99,131,Pl,28,1,,,
A2,I050,3.99,125,Hw,29,1,,,
A2,I150,3.99,136,Cw,10.9,1,,,
A2,I150,3.99,138,Cw,10.9,1,,,
A2,I150,3.99,134,Hw,21.8,1,,,
A2,I150,3.99,133,Hw,22,1,,,
A2,I150,3.99,140,Hw,23.9,1,,,
A2,I150,3.99,135,Hw,24.7,1,,,
A2,I150,3.99,132,Hw,26.3,1,,55.4674,127.81442
A2,I150,3.99,139,Hw,28.8,1,,,
A2,I150,3.99,137,Pl,30.8,4,,,
A2,I150,3.99,141,Hw,30.9,1,,,
A2,I250,5.64,144,Cw,17.3,1,,,
A2,I250,5.64,146,Ep,23.4,1,,,
A2,I250,5.64,145,Cw,23.8,1,,,
A2,I250,5.64,142,Hw,39.4,1,,55.46829,127.81432
A2,I250,5.64,143,Hw,43.5,1,,,
A2,I350,5.64,148,Hw,23.6,1,,,
A2,I350,5.64,149,Hw,23.6,1,,,
A2,I350,5.64,150,Pl,26.6,1,,,
A2,I350,5.64,147,Hw,30.8,1,,55.46921,127.81445
A2,I350,5.64,151,Hw,49.9,1,,,
A2,J050,5.64,171,Hw,14.9,3,,,
A2,J050,5.64,169,Hw,19.8,1,,,
A2,J050,5.64,174,Cw,19.9,1,,,
A2,J050,5.64,175,Cw,19.9,1,,,
A2,J050,5.64,170,Hw,22.6,1,,,
A2,J050,5.64,172,Hw,27.9,1,,,
A2,J050,5.64,168,Hw,30.2,1,,,
A2,J050,5.64,173,Hw,33,1,,,
A2,J050,5.64,167,Hw,40.7,1,,55.46714,127.81323
A2,J150,3.99,161,Cw,11,1,,55.46821,127.81328
A2,J150,3.99,163,Sw,13.7,1,,,
A2,J150,3.99,164,Hw,14,1,,,
A2,J150,3.99,166,Hw,19.3,1,,,
A2,J150,3.99,162,Hw,27.5,1,,,
A2,J150,3.99,165,Hw,29.5,1,,,
A2,J250,3.99,157,Cw,10.8,1,,,
A2,J250,3.99,155,Hw,11.8,4,,,
A2,J250,3.99,154,Hw,13.9,2,,,
A2,J250,3.99,156,Ep,16.4,1,,,
A2,J250,3.99,160,Hw,16.4,1,,,
A2,J250,3.99,152,Hw,17.9,1,,55.46904,127.81352
A2,J250,3.99,158,Hw,19,1,,,
A2,J250,3.99,159,Hw,24.5,1,,,
A2,J250,3.99,153,Hw,29.2,1,,,
A2,K050,7.98,177,Cw,12.6,1,,,
A2,K050,7.98,178,Hw,13.5,1,,,
A2,K050,7.98,187,Hw,14.5,1,,,
A2,K050,7.98,186,Pl,19.5,2,,,
A2,K050,7.98,182,Hw,22.5,1,,,
A2,K050,7.98,183,Hw,24.7,1,,,
A2,K050,7.98,179,Hw,29.9,1,,,
A2,K050,7.98,180,Hw,30.2,1,,,
A2,K050,7.98,184,Hw,30.2,1,,,
A2,K050,7.98,181,Hw,35.8,1,,,
A2,K050,7.98,176,Hw,38.8,1,,55.46759,127.81206
A2,K050,7.98,185,Hw,39.8,1,,,
A2,K150,3.99,191,Hw,10.4,4,,,
A2,K150,3.99,199,Hw,11.4,4,Out of sequence (beside 192),,
A2,K150,3.99,197,Cw,11.5,1,,,
A2,K150,3.99,198,Hw,13.2,1,,,
A2,K150,3.99,193,Pl,18.4,1,,,
A2,K150,3.99,188,Hw,19.3,1,,55.46846,127.81223
A2,K150,3.99,194,Pl,21.2,1,,,
A2,K150,3.99,190,Pl,22.3,1,,,
A2,K150,3.99,189,Hw,22.5,1,,,
A2,K150,3.99,195,Hw,23.9,1,,,
A2,K150,3.99,192,Hw,26,1,,,
A2,K150,3.99,196,Hw,29.1,1,,,
A2,L000,3.99,207,Hw,11.1,1,,55.46713,127.81164
A2,L000,3.99,210,Cw,16.7,1,,,
A2,L000,3.99,208,Hw,19.6,1,,,
A2,L000,3.99,211,Cw,24.6,1,,,
A2,L000,3.99,212,Hw,33.9,1,,,
A2,L000,3.99,209,Cw,34.1,1,,,
A2,L100,3.99,204,Hw,14.7,1,,,
A2,L100,3.99,200,Hw,15.1,1,,55.46806,127.81147
A2,L100,3.99,202,Pl,22.8,1,,,
A2,L100,3.99,205,Cw,26.7,1,,,
A2,L100,3.99,201,Hw,27.5,1,,,
A2,L100,3.99,203,Hw,32.6,1,,,
A2,L100,3.99,206,Pl,35.1,1,,,
A4,C050,3.99,426,Hw,16,1,,55.46721,127.80948
A4,C050,3.99,430,Hw,23.5,1,,,
A4,C050,3.99,432,Pl,25.3,1,,,
A4,C050,3.99,427,Hw,27.8,1,,,
A4,C050,3.99,431,Hw,28.8,1,,,
A4,C050,3.99,428,Hw,29.9,1,,,
A4,C050,3.99,429,Hw,30.1,1,,,
A4,D200,5.64,439,Hw,10,1,,,
A4,D200,5.64,438,Hw,10.9,1,,,
A4,D200,5.64,434,Hw,12.7,1,tag 433 missing,55.46838,127.80878
A4,D200,5.64,436,Hw,12.9,1,,,
A4,D200,5.64,440,Hw,15,1,,,
A4,D200,5.64,435,Hw,34.6,1,,,
A4,D200,5.64,437,Hw,35.3,1,,,
A4,D400,3.99,446,Cw,13.9,1,,,
A4,D400,3.99,445,Hw,18.3,1,,,
A4,D400,3.99,444,Hw,22.9,1,,,
A4,D400,3.99,443,Hw,24.7,1,,,
A4,D400,3.99,442,Pl,28,4,,,
A4,D400,3.99,441,Hw,33,1,,55.47035,127.80884
A4,E000,5.64,469,Cw,10.3,1,,,
A4,E000,5.64,473,Hw,16.8,4,,,
A4,E000,5.64,471,Bl,17.4,4,,,
A4,E000,5.64,476,Cw,20.6,1,,,
A4,E000,5.64,474,Ep,23.5,4,,,
A4,E000,5.64,472,Cw,25,1,,,
A4,E000,5.64,470,Ep,26.7,1,,,
A4,E000,5.64,468,Cw,33.3,1,,55.46658,127.80791
A4,E000,5.64,477,Hw,36.5,1,,,
A4,E000,5.64,475,Cw,39.3,1,,,
A4,E150,5.64,464,Bl,10.3,4,,,
A4,E150,5.64,465,Hw,12.7,3,,,
A4,E150,5.64,458,Hw,13.8,1,tag 457 missing,55.46793,127.80768
A4,E150,5.64,460,Hw,18.1,1,,,
A4,E150,5.64,467,Hw,19.2,2,,,
A4,E150,5.64,459,Hw,30.9,1,,,
A4,E150,5.64,461,Ep,34.4,4,,,
A4,E150,5.64,466,Hw,35.8,1,,,
A4,E150,5.64,463,Hw,37,1,,,
A4,E150,5.64,462,Cw,39.8,1,,,
A4,E350,5.64,456,Cw,10.1,1,,,
A4,E350,5.64,448,Cw,10.5,1,,,
A4,E350,5.64,454,Cw,10.7,1,,,
A4,E350,5.64,447,Hw,10.9,4,,55.46955,127.80788
A4,E350,5.64,452,Ep,21.6,1,,,
A4,E350,5.64,453,Cw,25.6,1,,,
A4,E350,5.64,449,Cw,32.8,1,,,
A4,E350,5.64,451,Sw,35.9,2,Leaning with rootwad up. Caught in canopy on Hw.,,
A4,E350,5.64,450,Hw,38.1,1,,,
A4,E350,5.64,455,Cw,44.2,1,,,
A4,F150,5.64,485,Hw,10.5,4,,,
A4,F150,5.64,486,Cw,11.1,1,,,
A4,F150,5.64,483,Hw,11.9,1,,,
A4,F150,5.64,479,Hw,17,1,,,
A4,F150,5.64,487,Hw,20.9,1,,,
A4,F150,5.64,482,Cw,21.8,1,,,
A4,F150,5.64,484,Bl,22.6,4,,,
A4,F150,5.64,480,Sw,24.6,1,,,
A4,F150,5.64,488,Ep,28.1,1,,,
A4,F150,5.64,478,Cw,28.2,1,,55.46746,127.80716
A4,F150,5.64,481,Hw,30.6,1,,,
A4,F350,3.99,490,Hw,13.4,4,,,
A4,F350,3.99,492,Hw,17.4,1,,,
A4,F350,3.99,494,Hw,20.8,1,,,
A4,F350,3.99,493,Cw,27,1,,,
A4,F350,3.99,491,Hw,35.9,1,,,
A4,F350,3.99,489,Cw,61.1,1,,55.46926,127.8071
A4,G050,5.64,411,Hw,18.6,1,,55.46662,127.80592
A4,G050,5.64,413,Hw,20,1,,,
A4,G050,5.64,414,Cw,40.3,1,,,
A4,G050,5.64,415,Hw,54.2,1,,,
A4,G050,5.64,412,Hw,55.1,1,,,
A4,G250,5.64,407,Cw,10.8,1,,,
A4,G250,5.64,410,Hw,13.9,1,,,
A4,G250,5.64,408,Cw,16.8,1,,,
A4,G250,5.64,403,Hw,18.9,1,,,
A4,G250,5.64,406,Hw,19.4,4,,,
A4,G250,5.64,409,Cw,21.7,1,,,
A4,G250,5.64,402,Cw,21.8,1,,55.46849,127.80646
A4,G250,5.64,405,Hw,23.4,1,,,
A4,G250,5.64,404,Hw,52.5,1,,,
A4,G450,5.64,497,Hw,14.9,1,,,
A4,G450,5.64,499,Hw,23.8,1,,,
A4,G450,5.64,495,Hw,32.4,1,,55.47019,127.80628
A4,G450,5.64,496,Bl,32.8,1,,,
A4,G450,5.64,498,Ep,33.1,1,,,
A4,G450,5.64,401,Cw,35.7,1,,,
A4,G450,5.64,500,Hw,38.2,1,,,
A4,H150,3.99,420,Hw,16.1,1,,,
A4,H150,3.99,418,Cw,23.8,1,,,
A4,H150,3.99,416,Hw,50.2,1,,55.46708,127.80526
A4,H150,3.99,419,Hw,50.6,1,,,
A4,H150,3.99,417,Cw,57,1,,,
A4,H400,2.52,423,Hw,16,1,,,
A4,H400,2.52,424,Hw,18.4,1,,,
A4,H400,2.52,421,Hw,28.4,1,,55.46963,127.80533
A4,H400,2.52,425,Hw,30.5,1,,,
A4,H400,2.52,422,Hw,37.3,1,,,
A4,I000,5.64,516,Hw,29.5,1,,55.46678,127.8047
A4,I000,5.64,519,Hw,37.2,1,,,
A4,I000,5.64,518,Hw,41.9,1,,,
A4,I000,5.64,517,Cw,63,1,,,
A4,I200,7.98,512,Cw,16.3,4,,,
A4,I200,7.98,514,Cw,19.5,1,,,
A4,I200,7.98,510,Cw,30.9,1,,55.46848,127.80447
A4,I200,7.98,513,Cw,33.1,1,,,
A4,I200,7.98,511,Cw,35.7,1,,,
A4,I200,7.98,515,Hw,52.9,1,,,
A4,I350,3.99,508,Cw,13,2,,,
A4,I350,3.99,506,Cw,14.7,1,,,
A4,I350,3.99,505,Cw,15.7,1,,,
A4,I350,3.99,502,Hw,17.7,1,,,
A4,I350,3.99,504,Cw,24,1,,,
A4,I350,3.99,507,Cw,27.7,1,,,
A4,I350,3.99,503,Ep,28.9,4,Stub 2m high,,
A4,I350,3.99,501,Cw,32.8,1,Plot centre is E of signed tree,55.46979,127.80434
A4,I350,3.99,509,Cw,46.4,1,,,
A4,J100,7.98,527,Hw,11.2,1,,,
A4,J100,7.98,526,Cw,16.3,4,,,
A4,J100,7.98,525,Cw,18.5,1,,,
A4,J100,7.98,521,Hw,20.5,1,,,
A4,J100,7.98,520,Hw,39.1,1,,55.46762,127.80379
A4,J100,7.98,522,Cw,49.7,1,,,
A4,J100,7.98,528,Hw,58,1,,,
A4,J100,7.98,523,Hw,60.1,1,,,
A4,J100,7.98,524,Cw,69.3,1,,,
A4,J300,3.99,530,Hw,12.1,4,,,
A4,J300,3.99,534,Hw,13.4,1,,,
A4,J300,3.99,531,Cw,15.2,1,,,
A4,J300,3.99,529,Cw,22,1,,55.46943,127.80383
A4,J300,3.99,532,Ep,25.2,1,,,
A4,J300,3.99,533,Hw,45.3,1,,,
A4,K100,5.64,551,Hw,10.4,1,,,
A4,K100,5.64,550,Hw,10.7,1,,,
A4,K100,5.64,549,Hw,10.8,1,,,
A4,K100,5.64,546,Hw,14.2,1,,,
A4,K100,5.64,555,Hw,15.2,1,,,
A4,K100,5.64,548,Hw,15.5,1,,,
A4,K100,5.64,547,Bl,16.2,1,,,
A4,K100,5.64,554,Hw,21,1,,,
A4,K100,5.64,545,Hw,32.4,1,,55.4676,127.80307
A4,K100,5.64,552,Cw,32.4,1,,,
A4,K100,5.64,553,Hw,43.2,1,,,
A4,K300,5.64,541,Cw,18.7,1,,,
A4,K300,5.64,539,Cw,20,1,,,
A4,K300,5.64,540,Cw,22.6,1,,,
A4,K300,5.64,538,Sw,24.9,1,,,
A4,K300,5.64,544,Bl,25.3,1,,,
A4,K300,5.64,543,Cw,27.3,1,,,
A4,K300,5.64,535,Cw,29.4,1,,55.4694,127.80274
A4,K300,5.64,536,Ac,34.9,1,,,
A4,K300,5.64,542,Cw,39.1,1,,,
A4,K300,5.64,537,Cw,40.7,1,,,
B1,A050,5.64,426,Cw,11.6,1,,55.43708,127.8007
B1,A050,5.64,428,Cw,12.9,1,,,
B1,A050,5.64,434,Cw,13.3,1,,,
B1,A050,5.64,429,Cw,14.1,1,,,
B1,A050,5.64,433,Cw,14.6,1,,,
B1,A050,5.64,432,Cw,16.7,1,,,
B1,A050,5.64,427,Ep,17.1,4,,,
B1,A050,5.64,430,Cw,25,1,,,
B1,A050,5.64,431,Hw,40.5,1,,,
B1,A050,5.64,435,Hw,42.6,1,,,
B1,A200,3.99,440,Hw,12,1,,,
B1,A200,3.99,442,Hw,12.9,1,,,
B1,A200,3.99,436,Hw,16.2,2,,55.43833,127.80058
B1,A200,3.99,439,Ep,30.5,1,,,
B1,A200,3.99,437,Hw,33.2,1,,,
B1,A200,3.99,438,Hw,34.3,1,,,
B1,A200,3.99,441,Cw,54.1,1,,,
B1,A350,3.99,447,Hw,11.3,4,,,
B1,A350,3.99,445,Hw,14.8,1,,,
B1,A350,3.99,443,Hw,15.2,1,,55.43995,127.80087
B1,A350,3.99,448,Hw,21.1,1,,,
B1,A350,3.99,449,Hw,28.4,1,,,
B1,A350,3.99,446,Hw,28.9,1,,,
B1,A350,3.99,450,Hw,31.7,1,,,
B1,A350,3.99,444,Hw,36,1,,,
B1,B100,3.99,460,Cw,22.1,1,,55.43753,127.80187
B1,B100,3.99,462,Hw,24,1,,,
B1,B100,3.99,461,Hw,34.1,1,,,
B1,B100,3.99,463,Hw,38,1,,,
B1,B300,3.99,452,Hw,12.9,1,,,
B1,B300,3.99,457,Cw,14.2,1,,,
B1,B300,3.99,451,Cw,14.7,1,,55.43951,127.80181
B1,B300,3.99,454,At,19.9,4,Hardly any bark left,,
B1,B300,3.99,456,Hw,22.7,1,,,
B1,B300,3.99,459,Hw,29.5,1,,,
B1,B300,3.99,458,Hw,30.9,4,,,
B1,B300,3.99,455,Hw,37,1,,,
B1,B300,3.99,453,Hw,41.4,1,,,
B1,C000,5.64,469,Cw,12.2,4,,,
B1,C000,5.64,470,Cw,14.8,1,,,
B1,C000,5.64,474,Cw,17.2,1,,,
B1,C000,5.64,465,Cw,20.1,1,,,
B1,C000,5.64,467,Cw,22.6,1,,,
B1,C000,5.64,468,Cw,24.6,1,,,
B1,C000,5.64,466,Hw,26.5,1,,,
B1,C000,5.64,471,Ep,28.9,1,,,
B1,C000,5.64,473,Cw,29.9,1,,,
B1,C000,5.64,464,Hw,33.2,1,,55.43674,127.80283
B1,C000,5.64,472,Sw,46.7,1,,,
B1,C150,3.99,478,Cw,13.8,1,,,
B1,C150,3.99,477,Ep,22.1,1,,,
B1,C150,3.99,480,Cw,22.7,1,,,
B1,C150,3.99,479,Cw,23.2,1,,,
B1,C150,3.99,476,Hw,38.1,1,,,
B1,C150,3.99,475,Hw,44.9,1,,55.43777,127.80277
B1,C350,3.99,485,Hw,13.4,1,,,
B1,C350,3.99,484,Hw,13.8,4,,,
B1,C350,3.99,486,Hw,17,1,,,
B1,C350,3.99,489,Hw,17.9,1,,,
B1,C350,3.99,488,Hw,18.3,4,2.3m stub,,
B1,C350,3.99,482,Hw,20.3,1,,,
B1,C350,3.99,487,Hw,24.7,1,,,
B1,C350,3.99,481,Pl,32.1,1,,55.43994,127.80259
B1,C350,3.99,483,Hw,32.7,1,,,
B1,D100,3.99,500,Cw,10.9,1,,,
B1,D100,3.99,558,Cw,13.1,1,,,
B1,D100,3.99,499,Cw,14.5,1,,,
B1,D100,3.99,557,Cw,14.8,1,,,
B1,D100,3.99,560,Cw,19.2,1,,,
B1,D100,3.99,498,Ep,24.2,1,,55.4375,127.80363
B1,D100,3.99,556,Hw,27.6,1,,,
B1,D100,3.99,559,Hw,27.7,1,,,
B1,D100,3.99,561,Cw,27.9,1,,,
B1,D300,3.99,490,Cw,10.5,1,,55.43941,127.8035
B1,D300,3.99,493,Cw,14.2,1,,,
B1,D300,3.99,491,Cw,19,1,,,
B1,D300,3.99,494,Hw,20.1,1,,,
B1,D300,3.99,495,Hw,20.9,1,,,
B1,D300,3.99,496,Cw,21,1,,,
B1,D300,3.99,497,Hw,33,1,,,
B1,D300,3.99,492,Hw,34.3,1,,,
B1,E100,3.99,565,Cw,20.5,1,,,
B1,E100,3.99,570,Sw,20.8,1,,,
B1,E100,3.99,563,Cw,21,1,,,
B1,E100,3.99,566,Hw,21.8,1,,,
B1,E100,3.99,564,Cw,22,1,,,
B1,E100,3.99,568,Ep,22.6,1,,,
B1,E100,3.99,569,Ep,27.8,1,,,
B1,E100,3.99,567,Sw,31.6,1,,,
B1,E100,3.99,562,Hw,35.1,1,,55.43755,127.80428
B1,E200,5.64,580,Cw,10.2,1,,,
B1,E200,5.64,581,Cw,10.9,1,,,
B1,E200,5.64,577,Hw,11,4,dbh estimated,,
B1,E200,5.64,575,Hw,18.8,1,,,
B1,E200,5.64,572,Cw,19,1,,,
B1,E200,5.64,571,Cw,25.3,1,,55.43846,127.80433
B1,E200,5.64,576,Hw,27,1,dbh estimated,,
B1,E200,5.64,574,Hw,31.6,1,,,
B1,E200,5.64,578,Hw,36.9,1,,,
B1,E200,5.64,573,Hw,37.8,1,,,
B1,E200,5.64,579,Hw,38,1,,,
B1,E350,5.64,586,Cw,10.3,1,,,
B1,E350,5.64,589,Cw,10.4,1,,,
B1,E350,5.64,592,Hw,13.1,4,,,
B1,E350,5.64,583,Cw,15,1,,,
B1,E350,5.64,585,Cw,19.2,1,,,
B1,E350,5.64,587,Cw,22,1,,,
B1,E350,5.64,588,Bl,22.4,4,,,
B1,E350,5.64,582,Cw,27.8,1,,55.43999,127.80423
B1,E350,5.64,593,Pl,29.4,4,,,
B1,E350,5.64,590,Ep,30.4,1,,,
B1,E350,5.64,584,Hw,32.1,1,,,
B1,E350,5.64,591,Hw,37.6,1,,,
B1,F050,3.99,602,Cw,10.2,4,,,
B1,F050,3.99,601,Cw,10.6,1,,,
B1,F050,3.99,603,Cw,13.2,1,,,
B1,F050,3.99,605,Cw,20.7,1,,,
B1,F050,3.99,600,Hw,27.3,1,,55.43709,127.80508
B1,F050,3.99,604,Hw,39.1,1,,,
B1,F250,3.99,594,Cw,15.5,1,,55.43887,127.80501
B1,F250,3.99,596,Ep,17.2,4,1.7m rotten stub,,
B1,F250,3.99,595,Hw,23.5,1,,,
B1,F250,3.99,598,Pl,25.6,1,,,
B1,F250,3.99,599,Cw,32.4,1,,,
B1,F250,3.99,597,Hw,33.1,1,,,
B1,G000,5.64,609,Cw,11,1,,,
B1,G000,5.64,612,Hw,12.3,1,,,
B1,G000,5.64,614,Cw,12.8,1,tag 613 missing,,
B1,G000,5.64,611,Cw,13.7,1,,,
B1,G000,5.64,615,Hw,13.9,2,,,
B1,G000,5.64,617,Cw,14.2,1,,,
B1,G000,5.64,610,Hw,17.8,1,,,
B1,G000,5.64,608,Hw,30.3,1,tag 607 missing,,
B1,G000,5.64,616,Hw,33.5,4,3m stub,,
B1,G000,5.64,606,Hw,35.6,1,,55.43674,127.80578
B1,G150,3.99,621,Cw,11.7,1,,,
B1,G150,3.99,624,Hw,20.2,1,,,
B1,G150,3.99,618,Ep,21.8,1,,55.4381,127.80564
B1,G150,3.99,623,Hw,26.3,1,,,
B1,G150,3.99,619,Hw,28.3,1,,,
B1,G150,3.99,620,Hw,30.1,1,,,
B1,G150,3.99,622,Ep,31.6,1,,,
B1,G300,3.99,625,Hw,12.6,4,,55.43953,127.80579
B1,G300,3.99,626,Hw,24.9,1,,,
B1,G300,3.99,627,Hw,33.3,4,4m stub,,
B1,G300,3.99,629,Cw,34.5,1,,,
B1,G300,3.99,628,Cw,36.2,1,,,
B1,H050,5.64,654,Bl,10.5,1,,,
B1,H050,5.64,650,Cw,11.1,1,,,
B1,H050,5.64,646,Hw,11.9,1,,,
B1,H050,5.64,652,Cw,13.3,1,,,
B1,H050,5.64,655,Hw,13.3,1,,,
B1,H050,5.64,653,Hw,13.6,1,,,
B1,H050,5.64,647,Cw,13.8,2,,,
B1,H050,5.64,648,Hw,14,1,,,
B1,H050,5.64,651,Ep,18.2,4,,,
B1,H050,5.64,645,Ep,19.5,4,,,
B1,H050,5.64,644,Ep,24.2,4,,55.43725,127.80675
B1,H050,5.64,649,Sw,32.3,4,,,
B1,H200,3.99,637,Hw,11.7,4,,,
B1,H200,3.99,636,Hw,11.9,1,,,
B1,H200,3.99,634,Cw,12.9,4,,,
B1,H200,3.99,643,Hw,16.1,1,,,
B1,H200,3.99,630,Hw,18.4,1,,55.43853,127.80669
B1,H200,3.99,635,Hw,19,1,,,
B1,H200,3.99,638,Hw,20.1,1,,,
B1,H200,3.99,640,Hw,21.5,1,,,
B1,H200,3.99,633,Hw,25,1,,,
B1,H200,3.99,642,Ep,25.8,1,,,
B1,H200,3.99,631,Hw,28,1,,,
B1,H200,3.99,641,Ep,29.8,1,,,
B1,H200,3.99,632,Hw,29.9,1,,,
B1,H200,3.99,639,Sw,32.2,1,,,
B2,B000,7.98,1,Ep,14.3,1,Plot with Dave and Albanie,55.46023,127.811
B2,B000,7.98,4,Hw,25.6,1,,,
B2,B000,7.98,5,Hw,55.1,1,,,
B2,B000,7.98,3,Hw,64,1,,,
B2,B000,7.98,2,Ac,130.8,1,Coordinates approximate,,
B2,B100,5.64,14,Cw,11.3,1,,,
B2,B100,5.64,10,Hw,12.9,2,,,
B2,B100,5.64,9,Hw,13.5,1,,,
B2,B100,5.64,6,Hw,14.4,1,Plot with Dave and Albanie,55.46023,127.81245
B2,B100,5.64,8,Hw,20.1,1,,,
B2,B100,5.64,7,Hw,20.9,1,,,
B2,B100,5.64,11,Hw,24.7,1,,,
B2,B100,5.64,13,Pl,27.6,1,,,
B2,B100,5.64,12,Hw,31.1,1,,,
B2,B200,7.98,216,Hw,16.5,4,,,
B2,B200,7.98,218,Hw,18.2,4,,,
B2,B200,7.98,214,Hw,22,4,,,
B2,B200,7.98,217,Cw,22.9,1,,,
B2,B200,7.98,219,Cw,30.5,1,,,
B2,B200,7.98,213,Hw,34.4,1,,55.4603,127.81399
B2,B200,7.98,215,Hw,56.3,1,,,
B2,C050,3.99,236,Hw,12.8,1,,,
B2,C050,3.99,235,Hw,13.1,1,,,
B2,C050,3.99,234,Hw,14.9,1,,,
B2,C050,3.99,241,Hw,16.7,1,Out of sequence,,
B2,C050,3.99,233,Hw,17.9,1,,55.45987,127.81126
B2,C050,3.99,242,Hw,18.4,1,,,
B2,C050,3.99,239,Hw,20.5,1,,,
B2,C050,3.99,240,Hw,25.8,1,,,
B2,C050,3.99,237,Hw,32.1,1,,,
B2,C050,3.99,238,Hw,33.5,1,,,
B2,C150,11.3,225,Hw,11.6,1,,,
B2,C150,11.3,230,Cw,12.1,1,,,
B2,C150,11.3,224,Hw,16.5,1,,,
B2,C150,11.3,228,Hw,20.7,1,,,
B2,C150,11.3,220,Hw,26.2,1,,55.45985,127.81284
B2,C150,11.3,229,Cw,31.9,1,,,
B2,C150,11.3,222,Hw,37.5,1,Yellow sign 85,,
B2,C150,11.3,227,Hw,39.4,1,,,
B2,C150,11.3,226,Hw,41.5,1,,,
B2,C150,11.3,232,Hw,44,1,,,
B2,C150,11.3,221,Hw,45.5,1,,,
B2,C150,11.3,231,Hw,62.1,4,,,
B2,C150,11.3,223,Hw,63.1,1,,,
B2,D000,7.98,244,Cw,11.9,1,,,
B2,D000,7.98,245,Ep,26.8,1,,,
B2,D000,7.98,243,Cw,27.4,1,,55.45927,127.8103
B2,D000,7.98,246,Hw,52.8,1,,,
B2,D100,5.64,248,Hw,15.2,1,,,
B2,D100,5.64,252,Hw,15.7,4,,,
B2,D100,5.64,249,Ep,25.7,1,,,
B2,D100,5.64,250,Ep,26.4,4,,,
B2,D100,5.64,251,Hw,27.5,1,,,
B2,D100,5.64,253,Hw,41.3,1,,,
B2,D100,5.64,247,Hw,41.7,1,,55.45926,127.81178
B2,D200,7.98,261,Hw,11.3,2,,,
B2,D200,7.98,259,Cw,11.6,1,,,
B2,D200,7.98,263,Hw,12.1,1,,,
B2,D200,7.98,265,Hw,14.1,1,,,
B2,D200,7.98,264,Hw,14.2,1,,,
B2,D200,7.98,257,Hw,14.9,1,,,
B2,D200,7.98,260,Hw,17.1,1,,,
B2,D200,7.98,254,Hw,20.5,1,Out of sequence. Last.,55.45932,127.81344
B2,D200,7.98,255,Hw,27,1,,,
B2,D200,7.98,258,Hw,30.9,1,,,
B2,D200,7.98,256,Hw,34,1,,,
B2,D200,7.98,262,Hw,45.6,1,,,
B2,E050,7.98,276,Ep,12.5,4,,,
B2,E050,7.98,273,Hw,21.6,1,,,
B2,E050,7.98,274,Hw,26,1,,,
B2,E050,7.98,275,Hw,29.1,1,,,
B2,E050,7.98,272,Hw,36,1,,55.45896,127.81114
B2,E050,7.98,277,Hw,39.8,1,,,
B2,E150,5.64,269,Hw,14.4,1,,,
B2,E150,5.64,268,Hw,15,1,,,
B2,E150,5.64,266,Hw,18.6,1,,55.45894,127.81258
B2,E150,5.64,271,Hw,19,1,,,
B2,E150,5.64,270,Pl,24.5,2,,,
B2,E150,5.64,267,Hw,28.7,4,,,
B2,F050,3.99,285,Hw,12.1,1,,,
B2,F050,3.99,278,Hw,12.5,1,,55.45853,127.80982
B2,F050,3.99,281,Hw,14.2,1,,,
B2,F050,3.99,286,Hw,14.3,1,,,
B2,F050,3.99,287,Hw,17.1,1,,,
B2,F050,3.99,280,Hw,19.4,1,,,
B2,F050,3.99,282,Hw,22.5,1,,,
B2,F050,3.99,284,Hw,24.5,1,,,
B2,F050,3.99,279,Hw,29.8,1,,,
B2,F050,3.99,283,Hw,34,1,,,
B2,F200,7.98,294,Hw,10.3,1,,,
B2,F200,7.98,293,Hw,11.3,1,,,
B2,F200,7.98,291,Hw,12.3,4,,,
B2,F200,7.98,292,Hw,12.8,1,,,
B2,F200,7.98,290,Hw,16,1,,,
B2,F200,7.98,289,Hw,23.4,1,,,
B2,F200,7.98,288,Cw,32,1,,55.45858,127.8121
B2,F200,7.98,295,Cw,42.2,1,Out of sequence,,
B2,F350,5.64,298,Hw,14.3,1,,,
B2,F350,5.64,300,Cw,17.7,1,,,
B2,F350,5.64,296,Hw,17.8,1,,55.45867,127.81453
B2,F350,5.64,299,Hw,35.5,1,,,
B2,F350,5.64,297,Hw,36,1,,,
B2,G000,3.99,320,Cw,10.3,1,,,
B2,G000,3.99,317,Hw,12,4,,,
B2,G000,3.99,316,Hw,12.7,4,,55.45797,127.809
B2,G000,3.99,322,Hw,12.7,1,,,
B2,G000,3.99,324,Hw,13.1,1,,,
B2,G000,3.99,319,Hw,13.4,4,,,
B2,G000,3.99,325,Hw,18.8,1,,,
B2,G000,3.99,321,Hw,19.3,1,,,
B2,G000,3.99,318,Hw,20.4,1,,,
B2,G000,3.99,323,Hw,28.2,1,,,
B2,G150,7.98,326,Sw,15.6,1,,55.45794,127.81133
B2,G150,7.98,327,Cw,27.5,1,,,
B2,G150,7.98,328,Cw,28.6,1,,,
B2,G250,5.64,333,Hw,13.9,1,,,
B2,G250,5.64,334,Cw,18.4,1,,,
B2,G250,5.64,332,Hw,18.9,1,,,
B2,G250,5.64,330,Hw,21.9,1,,,
B2,G250,5.64,331,Hw,23.1,1,,,
B2,G250,5.64,329,Hw,32.9,1,,55.45797,127.81304
B2,G250,5.64,335,Hw,40,1,,,
B2,G350,3.99,306,Hw,10,1,,,
B2,G350,3.99,301,Hw,10.1,3,,55.45793,127.81454
B2,G350,3.99,304,Hw,10.4,4,,,
B2,G350,3.99,314,Hw,11.2,1,,,
B2,G350,3.99,311,Hw,12.5,1,,,
B2,G350,3.99,310,Hw,13.5,1,,,
B2,G350,3.99,305,Hw,14.1,1,,,
B2,G350,3.99,307,Hw,15.4,1,,,
B2,G350,3.99,303,Hw,16.4,1,,,
B2,G350,3.99,309,Hw,18.2,1,,,
B2,G350,3.99,315,Hw,18.4,1,,,
B2,G350,3.99,308,Hw,20.6,1,,,
B2,G350,3.99,313,Hw,28,1,,,
B2,G350,3.99,312,Hw,28.1,1,,,
B2,G350,3.99,302,Hw,38.2,1,,,
B2,H050,5.64,424,Hw,12.5,1,,,
B2,H050,5.64,421,Cw,17.4,1,,,
B2,H050,5.64,418,Hw,20.5,1,,,
B2,H050,5.64,425,Hw,22.3,1,,,
B2,H050,5.64,416,Hw,27,1,,55.45756,127.80983
B2,H050,5.64,423,Bl,31.3,4,,,
B2,H050,5.64,420,Hw,32,1,,,
B2,H050,5.64,417,Hw,38.4,1,,,
B2,H050,5.64,419,Hw,40.5,1,,,
B2,H050,5.64,422,Hw,60.9,1,,,
B2,H200,3.99,384,Cw,11.5,1,,,
B2,H200,3.99,385,Cw,14.7,1,,,
B2,H200,3.99,389,Cw,16.6,1,,,
B2,H200,3.99,382,Cw,26,1,,55.4575,127.8121
B2,H200,3.99,383,Cw,28.5,1,,,
B2,H200,3.99,388,Sw,37.6,1,,,
B2,H200,3.99,387,Hw,40.9,1,,,
B2,H200,3.99,386,Hw,41.8,1,,,
B2,H300,7.98,363,Cw,12.8,1,,,
B2,H300,7.98,365,Hw,13.2,1,,,
B2,H300,7.98,361,Hw,32,1,,55.45761,127.81366
B2,H300,7.98,364,Cw,34.4,1,,,
B2,H300,7.98,362,Hw,45.6,1,,,
B2,H300,7.98,366,Hw,60,1,,,
B2,H400,3.99,359,Hw,13.3,1,,,
B2,H400,3.99,358,Hw,16.2,1,,,
B2,H400,3.99,357,Cw,16.3,1,,,
B2,H400,3.99,353,Hw,17.2,1,,55.45759,127.81524
B2,H400,3.99,355,Hw,23.9,1,,,
B2,H400,3.99,360,Hw,23.9,1,,,
B2,H400,3.99,354,Hw,26.2,1,,,
B2,H400,3.99,356,Cw,29,1,,,
B2,H450,5.64,341,Bl,10,4,,,
B2,H450,5.64,338,Bl,18.8,4,,,
B2,H450,5.64,336,Hw,19.2,2,,55.45758,127.81603
B2,H450,5.64,340,Hw,20.5,1,,,
B2,H450,5.64,339,Hw,25.1,1,,,
B2,H450,5.64,337,Cw,29.6,1,,,
B2,H450,5.64,342,Cw,33.2,1,,,
B2,I000,7.98,No trees,n/a,0,0,No I-line sign found. Plot done by GPS from I050,55.45702,127.80801
B2,I150,3.99,396,Hw,16.2,1,,,
B2,I150,3.99,395,Cw,16.7,1,,,
B2,I150,3.99,391,Cw,22.6,1,,,
B2,I150,3.99,393,Hw,30.8,1,dbh estimated,,
B2,I150,3.99,397,Cw,36.2,1,,,
B2,I150,3.99,392,Cw,39.4,1,,,
B2,I150,3.99,390,Hw,40.1,1,,55.45718,127.81052
B2,I150,3.99,398,Sw,42.2,4,,,
B2,I150,3.99,394,Hw,45.6,1,,,
B2,I300,3.99,369,Hw,10,1,,,
B2,I300,3.99,374,Hw,12.2,4,,,
B2,I300,3.99,371,Hw,16.2,1,,,
B2,I300,3.99,375,Hw,16.5,1,,,
B2,I300,3.99,373,Hw,18.9,1,,,
B2,I300,3.99,367,Hw,21.3,1,,55.45707,127.81307
B2,I300,3.99,370,Hw,22.3,1,,,
B2,I300,3.99,372,Hw,22.3,1,,,
B2,I300,3.99,368,Hw,34.6,1,,,
B2,I500,5.64,346,Cw,22.7,1,,,
B2,I500,5.64,343,Hw,24.5,2,,55.45717,127.81631
B2,I500,5.64,347,Cw,29,1,,,
B2,I500,5.64,344,Sw,40.9,1,,,
B2,I500,5.64,345,Sw,51.6,1,,,
B2,J050,5.64,414,Cw,15.2,1,,,
B2,J050,5.64,409,Cw,15.6,1,,,
B2,J050,5.64,410,Cw,18.3,2,,,
B2,J050,5.64,412,Hw,19.1,1,tag 411 missing,,
B2,J050,5.64,415,Cw,35.2,1,,,
B2,J050,5.64,413,Cw,40.6,1,,,
B2,J050,5.64,407,Hw,45,1,,,
B2,J050,5.64,408,Hw,54.7,1,,,
B2,J050,5.64,406,Cw,57.5,1,,55.45668,127.80893
B2,J150,7.98,404,Cw,12.9,1,,,
B2,J150,7.98,401,Cw,18.1,1,,,
B2,J150,7.98,399,Hw,22.5,1,,55.45668,127.81057
B2,J150,7.98,402,Hw,22.8,1,,,
B2,J150,7.98,400,Hw,32.3,1,,,
B2,J150,7.98,405,Hw,38.8,1,,,
B2,J150,7.98,403,Hw,45.2,1,,,
B2,J300,5.64,381,Bl,10.3,4,,,
B2,J300,5.64,378,Bl,16.4,1,,,
B2,J300,5.64,379,Cw,31.4,1,,,
B2,J300,5.64,380,Hw,42.5,1,,,
B2,J300,5.64,376,Hw,47.6,1,,55.45673,127.81284
B2,J300,5.64,377,Cw,109.7,1,,,
B2,J450,7.98,352,Hw,19.5,4,,,
B2,J450,7.98,348,Hw,36.7,1,,55.45669,127.81524
B2,J450,7.98,351,Hw,42,1,,,
B2,J450,7.98,349,Hw,51,1,,,
B2,J450,7.98,350,Hw,55.7,1,,,
B3,A050,7.98,13,Hw,10.9,1,,,
B3,A050,7.98,6,Hw,11.3,1,,,
B3,A050,7.98,14,Hw,12.1,1,,,
B3,A050,7.98,12,Hw,12.9,1,,,
B3,A050,7.98,5,Hw,13.4,4,1.9 m stub,,
B3,A050,7.98,11,Hw,19.5,1,,,
B3,A050,7.98,15,Hw,19.5,1,,,
B3,A050,7.98,2,Hw,20.2,1,,,
B3,A050,7.98,16,Cw,21.9,1,,,
B3,A050,7.98,7,Hw,24.3,1,,,
B3,A050,7.98,4,Hw,24.6,1,,,
B3,A050,7.98,8,Hw,28,1,,,
B3,A050,7.98,9,Hw,28.1,1,,,
B3,A050,7.98,10,Hw,29.9,1,,,
B3,A050,7.98,3,Hw,32.9,1,,,
B3,A050,7.98,1,Hw,52.9,1,,55.43465,127.81237
B3,A150,5.64,22,Hw,23.3,1,,,
B3,A150,5.64,21,Hw,25.5,1,dbh estimated,,
B3,A150,5.64,17,Hw,27.8,1,,55.43454,127.81411
B3,A150,5.64,20,Hw,28,1,dbh estimated,,
B3,A150,5.64,18,Hw,33.2,1,,,
B3,A150,5.64,19,Hw,34.9,1,,,
B3,B050,5.64,36,Bl,12.9,4,,,
B3,B050,5.64,35,Hw,23.5,1,,,
B3,B050,5.64,33,Hw,23.9,1,,,
B3,B050,5.64,32,Hw,25.1,1,,55.4351,127.81252
B3,B050,5.64,34,Hw,42,1,,,
B3,B150,5.64,30,Cw,14.2,1,,,
B3,B150,5.64,31,Cw,16.8,1,,,
B3,B150,5.64,29,Pl,20.1,4,,,
B3,B150,5.64,25,Hw,22,1,,,
B3,B150,5.64,27,Hw,23.5,1,,,
B3,B150,5.64,24,Ep,24.4,1,,,
B3,B150,5.64,23,Pl,26.2,1,,55.43499,127.81406
B3,B150,5.64,26,Pl,27.3,1,,,
B3,B150,5.64,28,Hw,29.3,1,,,
B3,C000,3.99,38,Cw,11.4,1,,,
B3,C000,3.99,48,Cw,12.2,1,,,
B3,C000,3.99,40,Cw,14.1,1,tag 39 missing,,
B3,C000,3.99,43,Ep,15.1,4,,,
B3,C000,3.99,41,Cw,15.4,1,,,
B3,C000,3.99,42,Cw,17.5,1,,,
B3,C000,3.99,44,Ep,17.7,1,,,
B3,C000,3.99,45,Ep,17.7,1,,,
B3,C000,3.99,46,Ep,18.6,2,,,
B3,C000,3.99,49,Ep,19.7,1,,,
B3,C000,3.99,50,Ep,22.8,1,,,
B3,C000,3.99,47,Hw,25.4,1,,,
B3,C000,3.99,37,Ep,27.3,1,,55.43572,127.81104
B3,C100,5.64,55,Cw,12.5,1,,,
B3,C100,5.64,56,Hw,15.8,1,,,
B3,C100,5.64,54,Cw,16,1,,,
B3,C100,5.64,53,Cw,17.2,1,,,
B3,C100,5.64,51,At,23.5,1,,55.43572,127.81269
B3,C100,5.64,57,Hw,26.4,1,,,
B3,C100,5.64,52,Hw,34.6,1,,,
B3,D000,3.99,73,Hw,12.8,1,,,
B3,D000,3.99,74,Sw,16.3,1,,,
B3,D000,3.99,75,Hw,19.6,1,,,
B3,D000,3.99,72,Hw,22,1,,,
B3,D000,3.99,76,Cw,24,1,,,
B3,D000,3.99,71,Hw,25.3,1,,55.4361,127.81102
B3,D150,5.64,70,Hw,10.4,1,,,
B3,D150,5.64,68,Bl,11.8,4,Stub 2.6m tall,,
B3,D150,5.64,69,Hw,18.2,1,,,
B3,D150,5.64,65,Bl,18.9,1,,,
B3,D150,5.64,67,Hw,20.2,1,,,
B3,D150,5.64,64,Ep,31.6,1,,55.43619,127.81347
B3,D150,5.64,66,Bl,35.2,1,,,
B3,D250,7.98,63,Cw,25.1,1,,,
B3,D250,7.98,60,Cw,33.7,1,,,
B3,D250,7.98,59,Ac,38,1,tag 58 missing,55.43614,127.81493
B3,D250,7.98,61,Cw,43.1,1,,,
B3,D250,7.98,62,Hw,52,1,,,
B3,E050,3.99,78,At,22.4,4,1.7 m aspen,,
B3,E050,3.99,79,Cw,24.2,1,,,
B3,E050,3.99,77,Cw,25.8,1,,55.43666,127.81188
B3,E050,3.99,80,Hw,33.4,1,,,
B3,E150,5.64,84,Hw,10,1,,,
B3,E150,5.64,82,Hw,12.5,1,tag 81 missing,55.43659,127.81349
B3,E150,5.64,85,Bl,14.7,1,,,
B3,E150,5.64,87,Hw,15.6,1,tag 86 missing,,
B3,E150,5.64,83,Bl,18.6,2,,,
B3,E150,5.64,89,Hw,19.9,1,,,
B3,E150,5.64,88,Hw,25,1,,,
B3,E250,7.98,no trees,n/a,0,0,No trees,55.43663,127.815
B3,F000,3.99,107,Cw,10.3,1,,55.43711,127.81114
B3,F000,3.99,110,Cw,10.5,2,,,
B3,F000,3.99,111,Cw,13.6,1,,,
B3,F000,3.99,112,Cw,15.4,1,,,
B3,F000,3.99,109,Cw,16.5,1,,,
B3,F000,3.99,108,Ep,17,4,,,
B3,F000,3.99,113,Cw,23.3,1,,,
B3,F200,7.98,105,Cw,13.6,1,,,
B3,F200,7.98,104,Hw,16.9,1,Tree not healthy,,
B3,F200,7.98,101,Hw,20.4,1,,,
B3,F200,7.98,98,Hw,26,1,,,
B3,F200,7.98,97,Hw,33.4,1,,,
B3,F200,7.98,99,Hw,34.1,1,,,
B3,F200,7.98,100,Hw,36.4,1,,,
B3,F200,7.98,96,Hw,37.3,1,Sign tree fallen. 6m to plot centre from beside rootwad. ,55.43699,127.81426
B3,F200,7.98,103,Hw,38.5,1,,,
B3,F200,7.98,102,Hw,39.6,1,,,
B3,F200,7.98,106,Cw,39.8,1,,,
B3,F300,3.99,90,Bl,10.4,4,Leaning,55.43694,127.81594
B3,F300,3.99,95,Cw,13.2,1,,,
B3,F300,3.99,92,Cw,23.8,1,,,
B3,F300,3.99,91,At,30.4,4,Stub greater than 10m tall,,
B3,F300,3.99,94,Hw,34.6,1,Split just above DBH,,
B3,F300,3.99,93,At,51.8,1,,,
B3,G000,5.64,118,Hw,22.4,1,,,
B3,G000,5.64,124,Cw,10.3,2,,,
B3,G000,5.64,119,Hw,10.5,4,,,
B3,G000,5.64,122,Cw,12,1,,,
B3,G000,5.64,120,Cw,16.1,1,,,
B3,G000,5.64,117,Cw,18,1,,,
B3,G000,5.64,123,At,23.6,1,,,
B3,G000,5.64,114,At,27.5,1,,55.43735,127.8121
B3,G000,5.64,115,Cw,32.9,1,,,
B3,G000,5.64,116,Hw,43.2,1,,,
B3,G000,5.64,121,Hw,44.1,1,,,
B3,G200,5.64,128,Cw,10.7,1,,,
B3,G200,5.64,125,Cw,11.2,1,Split just above DBH,55.43745,127.81432
B3,G200,5.64,131,At,19.8,2,,,
B3,G200,5.64,129,At,21.6,4,Stub 2-4m,,
B3,G200,5.64,127,Cw,30.4,1,,,
B3,G200,5.64,126,Cw,34,1,,,
B3,G200,5.64,130,At,35,4,Stub 2-4m,,
B3,G300,5.64,135,Hw,11.9,1,,,
B3,G300,5.64,133,Hw,16.6,1,,,
B3,G300,5.64,138,At,24.1,1,,,
B3,G300,5.64,134,Hw,24.9,1,,,
B3,G300,5.64,137,Hw,26.2,1,,,
B3,G300,5.64,141,Hw,26.9,1,,,
B3,G300,5.64,136,At,28,1,,,
B3,G300,5.64,140,Hw,28.8,1,,,
B3,G300,5.64,139,Ac,30.4,1,,,
B3,G300,5.64,132,Hw,37.5,1,,55.43735,127.81596
B3,H050,7.98,158,Sw,12.7,1,,,
B3,H050,7.98,157,Sw,12.8,1,,,
B3,H050,7.98,156,Cw,23.3,1,,,
B3,H050,7.98,155,At,24.5,4,2.7m stub,55.43797,127.81211
B3,H100,3.99,153,Hw,17,2,,,
B3,H100,3.99,151,Cw,27.7,1,,,
B3,H100,3.99,154,Hw,31.9,1,,,
B3,H100,3.99,150,Cw,32.2,1,,55.43792,127.81293
B3,H100,3.99,152,Hw,38.1,1,,,
B3,H250,5.64,149,Cw,13.8,1,,,
B3,H250,5.64,144,Hw,16.3,1,,,
B3,H250,5.64,146,Hw,23.5,1,,,
B3,H250,5.64,148,Hw,26.7,1,,,
B3,H250,5.64,145,Cw,30.9,1,,,
B3,H250,5.64,142,Cw,32.2,1,,55.43786,127.81513
B3,H250,5.64,143,Hw,36.2,1,,,
B3,H250,5.64,147,Bl,36.2,1,,,
B3,I050,7.98,166,Hw,10.3,1,,,
B3,I050,7.98,165,Hw,10.8,1,,,
B3,I050,7.98,172,Cw,12.2,1,,,
B3,I050,7.98,167,Cw,18,1,,,
B3,I050,7.98,161,Cw,18.1,1,tag 160 missing,,
B3,I050,7.98,163,Hw,21,2,,,
B3,I050,7.98,164,Cw,21.4,1,,,
B3,I050,7.98,168,Cw,27.2,1,,,
B3,I050,7.98,162,Hw,32.4,1,,,
B3,I050,7.98,159,Hw,38.6,1,,55.43835,127.813
B3,I050,7.98,170,Hw,40,1,dbh estimated,,
B3,I050,7.98,171,Hw,42,1,dbh estimated,,
B3,I050,7.98,169,Hw,53,1,dbh estimated,,
B3,I200,7.98,184,Cw,10.8,1,,,
B3,I200,7.98,180,Cw,12,1,,,
B3,I200,7.98,173,Hw,12.3,1,,55.43836,127.81539
B3,I200,7.98,179,Cw,19.1,1,,,
B3,I200,7.98,186,Cw,19.3,1,,,
B3,I200,7.98,175,Hw,21.2,1,,,
B3,I200,7.98,183,Hw,21.5,1,,,
B3,I200,7.98,181,Cw,23.5,1,,,
B3,I200,7.98,185,Cw,23.7,1,,,
B3,I200,7.98,182,Pl,29,1,,,
B3,I200,7.98,177,Hw,29.7,1,,,
B3,I200,7.98,174,Hw,35.8,1,,,
B3,I200,7.98,178,Hw,36.5,1,,,
B3,I200,7.98,187,Hw,39.2,1,,,
B3,I200,7.98,176,Hw,40.7,1,,,
B3,I300,3.99,188,Cw,13,1,,55.43843,127.81702
B3,I300,3.99,190,Hw,13,1,,,
B3,I300,3.99,193,Pl,21.3,4,,,
B3,I300,3.99,189,Hw,25.3,1,,,
B3,I300,3.99,191,Hw,28,1,,,
B3,I300,3.99,192,Hw,38.2,1,,,
B3,J050,5.64,220,Sw,10.6,1,,,
B3,J050,5.64,218,Cw,16,1,,,
B3,J050,5.64,217,Cw,16.2,1,,55.43882,127.81474
B3,J050,5.64,219,Hw,39.9,1,,,
B3,J200,3.99,198,Cw,10.7,1,,,
B3,J200,3.99,194,Cw,11.5,1,,55.43887,127.817
B3,J200,3.99,196,Cw,11.7,1,,,
B3,J200,3.99,197,Cw,12,1,,,
B3,J200,3.99,199,Hw,34.6,1,,,
B3,J200,3.99,195,Hw,35.8,1,,,
B3,K050,5.64,214,Cw,11.7,1,,,
B3,K050,5.64,215,Cw,14.1,1,,,
B3,K050,5.64,212,Cw,20,1,,55.43938,127.81486
B3,K050,5.64,216,Hw,38.4,1,,,
B3,K050,5.64,213,Hw,48.5,1,,,
B3,K250,5.64,203,Cw,10.2,1,,,
B3,K250,5.64,202,Hw,11.4,1,,,
B3,K250,5.64,204,Bl,14,4,,,
B3,K250,5.64,205,Cw,34.5,1,,,
B3,K250,5.64,201,Sw,72.6,1,,,
B3,K250,5.64,200,Hw,82.6,1,,55.43927,127.81776
B3,L000,7.98,209,Cw,10.9,1,,,
B3,L000,7.98,210,Cw,12.4,1,,,
B3,L000,7.98,207,Cw,25,4,,,
B3,L000,7.98,211,Hw,30.5,1,,,
B3,L000,7.98,206,Hw,32.7,2,,55.43981,127.81354
B3,L000,7.98,208,Hw,37.3,1,,,
B3,L150,7.98,no trees,n/a,0,0,No trees,55.43981,127.81593
B5,A000,5.64,127,Hw,16,1,Plot South of sign tree. ,55.4264,127.80122
B5,A000,5.64,130,Hw,27,1,,,
B5,A000,5.64,131,Ac,40.1,1,,,
B5,A000,5.64,128,Hw,41.2,4,3.5m stub,,
B5,A000,5.64,129,Hw,63.9,1,,,
B5,A100,5.64,117,Cw,10.9,1,Plot South of sign tree. ,55.42648,127.8025
B5,A100,5.64,124,Cw,11.1,1,,,
B5,A100,5.64,126,Hw,15.2,3,,,
B5,A100,5.64,125,Cw,16,1,,,
B5,A100,5.64,121,Hw,25.6,4,"Broken top, 8m stub",,
B5,A100,5.64,120,Hw,26.2,1,,,
B5,A100,5.64,118,Cw,29,1,,,
B5,A100,5.64,123,Ac,31.6,1,,,
B5,A100,5.64,122,Cw,34.3,1,,,
B5,A100,5.64,119,Hw,47.5,1,,,
B5,A200,7.98,112,Cw,11.4,2,,,
B5,A200,7.98,101,Cw,12,1,Plot South of sign tree. ,55.42645,127.80421
B5,A200,7.98,115,Hw,17.9,1,,,
B5,A200,7.98,116,Cw,18.1,1,,,
B5,A200,7.98,111,Cw,19.4,1,,,
B5,A200,7.98,105,Cw,20.5,1,,,
B5,A200,7.98,110,Cw,20.5,1,,,
B5,A200,7.98,109,Cw,23.8,1,,,
B5,A200,7.98,103,Hw,25,1,dbh estimated,,
B5,A200,7.98,104,Hw,29.8,1,,,
B5,A200,7.98,102,Hw,30.4,1,dbh estimated,,
B5,A200,7.98,107,Hw,40.4,1,,,
B5,A200,7.98,114,Hw,40.4,1,,,
B5,A200,7.98,106,Hw,42.6,1,,,
B5,A200,7.98,113,Hw,43.6,1,,,
B5,A200,7.98,108,Hw,45.9,1,,,
B5,B050,5.64,134,Cw,11.2,1,,,
B5,B050,5.64,136,Cw,14.8,1,,,
B5,B050,5.64,132,Bl,17,4,Plot South of sign tree. ,55.42705,127.80178
B5,B050,5.64,137,Hw,34.2,1,,,
B5,B050,5.64,138,Hw,43.1,1,,,
B5,B050,5.64,135,Cw,44.7,1,,,
B5,B050,5.64,133,Bl,48.3,1,,,
B5,B150,3.99,145,Cw,10.2,1,,,
B5,B150,3.99,140,Hw,11.2,4,,,
B5,B150,3.99,141,Ep,16.2,4,4m tall stub. ,,
B5,B150,3.99,139,Ep,26.1,1,Plot South of sign tree. ,55.42699,127.80318
B5,B150,3.99,142,Hw,33.8,1,,,
B5,B150,3.99,144,Hw,38.2,1,,,
B5,B150,3.99,143,Hw,38.7,1,,,
B5,B350,5.64,148,Cw,12,1,,,
B5,B350,5.64,151,Cw,16.4,1,,,
B5,B350,5.64,150,Cw,22.4,1,,,
B5,B350,5.64,153,Cw,24,1,,,
B5,B350,5.64,147,Hw,29.5,1,marked as B300 on original form,,
B5,B350,5.64,152,Cw,35.4,1,,,
B5,B350,5.64,149,Cw,36.2,4,5 m stub. ,,
B5,B350,5.64,146,Cw,81.4,1,,55.42699,127.80642
B5,C000,5.64,177,Hw,16.2,1,,,
B5,C000,5.64,174,Cw,17.5,1,,55.4275,127.80103
B5,C000,5.64,176,Hw,17.6,1,,,
B5,C000,5.64,180,Cw,28.1,1,,,
B5,C000,5.64,179,Hw,28.5,4,dbh estimated. ,,
B5,C000,5.64,178,Hw,29.2,1,,,
B5,C000,5.64,181,Hw,30.7,1,,,
B5,C000,5.64,175,Sw,30.9,1,,,
B5,C150,5.64,167,Cw,11.4,1,,,
B5,C150,5.64,163,Ep,19.3,2,,55.42749,127.8034
B5,C150,5.64,171,Cw,19.6,1,,,
B5,C150,5.64,164,Cw,19.8,1,,,
B5,C150,5.64,166,Cw,20.7,1,,,
B5,C150,5.64,165,Cw,21.4,1,,,
B5,C150,5.64,173,Cw,24,1,,,
B5,C150,5.64,168,Ep,30.7,1,,,
B5,C150,5.64,169,Hw,31.2,1,,,
B5,C150,5.64,170,Hw,37.1,1,,,
B5,C150,5.64,172,Ep,37.7,2,,,
B5,C300,5.64,162,Cw,11.3,4,1.8 m stub. ,,
B5,C300,5.64,160,Cw,13.2,1,,,
B5,C300,5.64,157,Hw,14,1,,,
B5,C300,5.64,159,Cw,14,1,,,
B5,C300,5.64,154,Cw,16.7,1,,55.42743,127.80559
B5,C300,5.64,155,Cw,16.8,1,,,
B5,C300,5.64,161,Cw,18.4,1,,,
B5,C300,5.64,156,Cw,20.7,1,,,
B5,C300,5.64,158,Cw,23.4,1,,,
B5,D050,5.64,188,Cw,12,1,,,
B5,D050,5.64,183,Cw,13.5,1,,,
B5,D050,5.64,189,Cw,14.4,1,,,
B5,D050,5.64,187,Cw,14.9,1,,,
B5,D050,5.64,184,Cw,23.8,1,,,
B5,D050,5.64,185,Hw,24.6,2,,,
B5,D050,5.64,186,Cw,29.8,1,,,
B5,D050,5.64,182,Hw,36.7,1,,55.42793,127.80188
B5,D150,3.99,190,Cw,13,1,,55.42799,127.80344
B5,D150,3.99,194,Hw,16.8,1,,,
B5,D150,3.99,195,Cw,18.9,1,,,
B5,D150,3.99,197,Cw,20.7,1,,,
B5,D150,3.99,193,Ep,24.5,1,,,
B5,D150,3.99,192,Ep,25.6,1,,,
B5,D150,3.99,191,Ep,28.2,1,,,
B5,D150,3.99,196,Hw,46.8,1,,,
B5,D250,5.64,198,Cw,10.1,1,,55.4279,127.80489
B5,D250,5.64,201,Cw,11,1,,,
B5,D250,5.64,205,Cw,11.8,1,,,
B5,D250,5.64,203,Cw,14.2,1,,,
B5,D250,5.64,202,Cw,15.2,1,,,
B5,D250,5.64,199,Cw,19.1,1,,,
B5,D250,5.64,204,Cw,21.9,1,,,
B5,D250,5.64,200,Cw,27.5,1,,,
B5,D400,3.99,214,Cw,11.8,1,,,
B5,D400,3.99,206,Cw,12.1,1,,55.42784,127.80713
B5,D400,3.99,209,Cw,12.4,1,,,
B5,D400,3.99,207,Cw,12.8,1,,,
B5,D400,3.99,208,Cw,15.7,1,,,
B5,D400,3.99,210,Cw,17.1,1,,,
B5,D400,3.99,215,Cw,18,1,,,
B5,D400,3.99,213,Cw,18.1,1,,,
B5,D400,3.99,212,Cw,18.5,1,,,
B5,D400,3.99,211,Hw,37.1,2,,,
B5,E050,5.64,246,Hw,11.1,4,No bark left.,,
B5,E050,5.64,241,Cw,14.5,1,,,
B5,E050,5.64,244,Cw,15.5,1,,,
B5,E050,5.64,243,Cw,16.7,1,,,
B5,E050,5.64,247,Cw,25.4,1,,,
B5,E050,5.64,240,Hw,32.8,1,,55.42855,127.80194
B5,E050,5.64,242,Hw,45.6,1,,,
B5,E050,5.64,245,Hw,46.1,1,,,
B5,E150,5.64,233,Cw,10.9,1,,55.42841,127.80359
B5,E150,5.64,235,Cw,14.6,1,,,
B5,E150,5.64,237,Cw,15,1,,,
B5,E150,5.64,239,Hw,16.8,4,,,
B5,E150,5.64,234,Cw,18.7,1,,,
B5,E150,5.64,238,Hw,26.3,1,,,
B5,E150,5.64,236,Hw,51.3,1,,,
B5,E300,7.98,229,Cw,10.3,1,,,
B5,E300,7.98,231,Cw,10.8,1,,,
B5,E300,7.98,230,Cw,11.3,1,,,
B5,E300,7.98,222,Hw,15.1,1,,55.42833,127.80624
B5,E300,7.98,227,Hw,17.6,1,,,
B5,E300,7.98,224,Cw,19.6,1,,,
B5,E300,7.98,226,Hw,21.7,1,,,
B5,E300,7.98,225,Hw,21.8,1,,,
B5,E300,7.98,228,Cw,21.9,1,,,
B5,E300,7.98,232,Cw,24.7,4,2.3 m stub. ,,
B5,E300,7.98,223,Cw,28.5,1,,,
B5,E450,5.64,220,Cw,11.9,1,,,
B5,E450,5.64,216,Cw,17.5,1,,55.4285,127.80872
B5,E450,5.64,221,Cw,19.1,1,,,
B5,E450,5.64,217,Cw,22.1,1,,,
B5,E450,5.64,218,Cw,24.5,1,,,
B5,E450,5.64,219,Cw,32.3,1,,,
B5,F000,3.99,254,Ep,18.4,4,4m stub. ,,
B5,F000,3.99,249,Ep,20.6,4,6m stub. ,,
B5,F000,3.99,250,Ep,23.6,1,,,
B5,F000,3.99,251,Ep,24,1,,,
B5,F000,3.99,248,Ep,24.3,1,Plot in birch copse. ,55.42893,127.80141
B5,F000,3.99,253,Ep,30.2,1,,,
B5,F000,3.99,252,Ep,32.6,1,,,
B5,F100,3.99,258,Hw,10.4,1,,,
B5,F100,3.99,255,Cw,24.1,1,,55.429001,-127.803001
B5,F100,3.99,257,Ep,28.3,4,4m stub. ,,
B5,F100,3.99,259,Hw,32,1,,,
B5,F100,3.99,256,Hw,33.9,1,,,
B5,F100,3.99,260,Cw,39.1,1,,,
B5,F200,5.64,264,Cw,10.3,1,,,
B5,F200,5.64,270,Cw,12.8,1,,,
B5,F200,5.64,269,Cw,16,1,,,
B5,F200,5.64,262,Cw,16.4,1,,,
B5,F200,5.64,266,Cw,24.3,1,,,
B5,F200,5.64,271,Hw,26.7,1,,,
B5,F200,5.64,268,Cw,29.4,1,,,
B5,F200,5.64,263,Hw,35.1,1,,,
B5,F200,5.64,265,Hw,38.7,1,,,
B5,F200,5.64,261,Hw,43.2,1,,55.429001,-127.80461
B5,F200,5.64,267,Hw,43.2,1,,,
B5,F300,7.98,283,Cw,10.6,1,,,
B5,F300,7.98,276,Hw,12,1,,,
B5,F300,7.98,281,Cw,15.3,1,,,
B5,F300,7.98,278,Ep,17.7,2,,,
B5,F300,7.98,280,Cw,18.1,1,,,
B5,F300,7.98,273,Cw,19.6,1,,,
B5,F300,7.98,282,Cw,24.9,1,,,
B5,F300,7.98,272,Ep,26.2,1,,55.429001,-127.806001
B5,F300,7.98,277,Hw,30.8,1,,,
B5,F300,7.98,275,Hw,34.5,1,,,
B5,F300,7.98,279,Hw,35.6,1,,,
B5,F300,7.98,274,Hw,36.3,1,,,
B5,F400,3.99,286,Hw,13,1,,,
B5,F400,3.99,285,Cw,18.9,1,,,
B5,F400,3.99,289,At,22.6,1,,,
B5,F400,3.99,284,At,24.3,4,1.7 m stub. ,55.429001,-127.807901
B5,F400,3.99,288,Cw,25.4,1,Tree burnt. ,,
B5,F400,3.99,287,Cw,30.9,1,,,
B5,G100,5.64,326,Cw,12.2,1,,,
B5,G100,5.64,322,Cw,16.3,1,,55.429234,-127.803534
B5,G100,5.64,325,Hw,16.6,2,,,
B5,G100,5.64,331,Cw,17.4,1,,,
B5,G100,5.64,329,Ep,20.3,1,,,
B5,G100,5.64,327,Ep,27.7,1,,,
B5,G100,5.64,323,Hw,29.2,1,,,
B5,G100,5.64,330,Cw,35.7,1,,,
B5,G100,5.64,328,Cw,36.1,1,,,
B5,G100,5.64,324,At,53.1,1,,,
B5,G200,5.64,314,Cw,10,1,,,
B5,G200,5.64,311,Hw,10.3,4,,,
B5,G200,5.64,321,Cw,11.7,1,,,
B5,G200,5.64,316,Cw,12.1,1,,,
B5,G200,5.64,309,Cw,13.1,1,,,
B5,G200,5.64,320,Cw,13.6,1,,,
B5,G200,5.64,308,Cw,14.3,1,,55.42926,127.80523
B5,G200,5.64,313,Hw,14.4,1,,,
B5,G200,5.64,319,Cw,14.8,1,,,
B5,G200,5.64,315,Cw,16,1,,,
B5,G200,5.64,317,Cw,17.2,1,,,
B5,G200,5.64,312,Hw,33.1,1,,,
B5,G200,5.64,310,Hw,37.2,1,,,
B5,G200,5.64,318,Hw,37.4,1,,,
B5,G300,5.64,307,Cw,12.5,1,,,
B5,G300,5.64,304,Hw,13.3,1,,,
B5,G300,5.64,305,Cw,18.4,1,,,
B5,G300,5.64,300,Hw,19,1,,55.429279,-127.806771
B5,G300,5.64,302,Cw,20.2,1,,,
B5,G300,5.64,306,Hw,23.4,1,,,
B5,G300,5.64,303,Hw,28.6,1,,,
B5,G300,5.64,301,Hw,41.4,2,,,
B5,G400,5.64,297,Bl,11.9,1,,,
B5,G400,5.64,293,Cw,19.1,1,,,
B5,G400,5.64,298,Cw,19.6,1,,,
B5,G400,5.64,296,Hw,20.1,1,,,
B5,G400,5.64,299,Ep,26,1,,,
B5,G400,5.64,295,Cw,26.7,1,,,
B5,G400,5.64,294,Cw,31.9,1,,,
B5,G400,5.64,292,Hw,45.9,1,tags 290 and 291 missing,55.429328,-127.808358
B5,H000,3.99,339,Cw,12.1,1,,,
B5,H000,3.99,333,Cw,18.7,1,,,
B5,H000,3.99,334,Cw,21.3,1,,,
B5,H000,3.99,337,Hw,21.5,1,DBH estimated,,
B5,H000,3.99,338,Hw,30,1,DBH estimated,,
B5,H000,3.99,332,Hw,30.3,1,"original gps coord inaccurate, correAced here",55.42974,-127.8027
B5,H000,3.99,336,Hw,34.4,1,,,
B5,H000,3.99,335,Hw,36.7,1,,,
B5,H100,5.64,342,Hw,11.8,1,,,
B5,H100,5.64,345,Cw,15.9,1,,,
B5,H100,5.64,343,Hw,33.9,1,,,
B5,H100,5.64,344,Hw,36.3,1,,,
B5,H100,5.64,341,Hw,42.4,1,,,
B5,H100,5.64,340,Hw,47.8,1,"original gps coord inaccurate, correAced here",55.429732,-127.8043
B5,H200,7.98,346,Cw,16.4,1,"original gps coord inaccurate, correAced here",55.429698,-127.805832
B5,H200,7.98,347,Hw,36.9,1,,,
B5,H300,3.99,350,Hw,17.3,1,,,
B5,H300,3.99,351,Hw,18.8,1,,,
B5,H300,3.99,354,Ep,20.7,1,,,
B5,H300,3.99,352,Ep,22.8,1,,,
B5,H300,3.99,353,Ep,22.9,1,,,
B5,H300,3.99,355,Ep,25.8,1,,,
B5,H300,3.99,348,Hw,28.7,1,"original gps coord inaccurate, correAced here",55.429765,-127.807398
B5,H300,3.99,349,Hw,30,1,,,
C1,B100,3.99,196,Hw,11.1,2,,,
C1,B100,3.99,195,Hw,14.5,3,,,
C1,B100,3.99,201,Hw,17.5,1,,,
C1,B100,3.99,197,Hw,19.8,1,,,
C1,B100,3.99,194,Hw,21.5,1,,,
C1,B100,3.99,199,Hw,22.7,1,,,
C1,B100,3.99,200,Hw,22.7,1,,,
C1,B100,3.99,198,Hw,23.4,1,,,
C1,B100,3.99,202,Ba,26.9,4,,,
C1,B100,3.99,193,Hw,27.7,1,,55.4127,-127.81768
C1,B100,3.99,203,Hw,30.4,1,,,
C1,C000,3.99,192,Hw,18.6,1,,,
C1,C000,3.99,189,Cw,23.5,1,,,
C1,C000,3.99,187,Ep,23.6,4,,55.4139,-127.81722
C1,C000,3.99,191,Hw,31.6,1,,,
C1,C000,3.99,188,Pl,36,1,,,
C1,C000,3.99,190,Hw,39.1,2,,,
C1,D100,5.64,181,Hw,11,4,,,
C1,D100,5.64,180,Cw,11.4,2,,,
C1,D100,5.64,177,Cw,14.3,1,,55.41343,-127.81635
C1,D100,5.64,186,Cw,29.3,1,,,
C1,D100,5.64,185,Cw,31.2,1,,,
C1,D100,5.64,179,Cw,33,1,,,
C1,D100,5.64,178,Sx,34.4,1,,,
C1,D100,5.64,183,Hw,39.2,2,"forked at breast height, measured both together",,
C1,D100,5.64,182,Ba,39.8,4,,,
C1,D100,5.64,184,Sx,52.4,1,,,
C1,E050,5.64,161,Hw,10.8,4,,55.41448,-127.81562
C1,E050,5.64,167,Hw,11.2,2,,,
C1,E050,5.64,162,Hw,12.4,2,,,
C1,E050,5.64,168,Hw,13.2,1,,,
C1,E050,5.64,169,Cw,14.1,2,,,
C1,E050,5.64,166,Hw,15.3,1,,,
C1,E050,5.64,164,Hw,16.6,1,,,
C1,E050,5.64,163,Hw,41.5,1,,,
C1,E050,5.64,165,Sx,48.3,1,,,
C1,E200,5.64,171,Cw,11.2,1,,,
C1,E200,5.64,170,Hw,13.4,2,,55.41304,-127.81542
C1,E200,5.64,175,Hw,15.1,1,,,
C1,E200,5.64,172,Cw,15.8,1,,,
C1,E200,5.64,174,Hw,32.8,1,,,
C1,E200,5.64,176,Cw,33.6,1,,,
C1,E200,5.64,173,Cw,37.2,1,,,
C1,F000,5.64,147,Hw,11,4,,,
C1,F000,5.64,151,Cw,13.3,1,,,
C1,F000,5.64,146,Hw,21.7,4,"dead stub, 3.8m tall",,
C1,F000,5.64,144,Hw,22.3,1,,55.41543,-127.8148
C1,F000,5.64,150,Hw,25.4,1,,,
C1,F000,5.64,145,Hw,29.2,1,,,
C1,F000,5.64,148,Hw,31.1,1,,,
C1,F000,5.64,152,Hw,32.2,1,,,
C1,F000,5.64,153,Hw,32.2,2,,,
C1,F000,5.64,149,Hw,42.5,1,,,
C1,F150,5.64,140,Hw,14.2,1,,,
C1,F150,5.64,137,Cw,18.9,1,,,
C1,F150,5.64,142,Cw,20.7,1,,,
C1,F150,5.64,139,Pl,25.6,2,,,
C1,F150,5.64,138,Hw,25.8,1,,,
C1,F150,5.64,135,Hw,30.7,1,,55.41414,-127.81467
C1,F150,5.64,143,Sx,32.5,1,,,
C1,F150,5.64,141,Hw,35.3,1,,,
C1,F150,5.64,136,Hw,36.2,1,,,
C1,F350,5.64,132,Hw,13.3,1,,,
C1,F350,5.64,133,Cw,20,1,,,
C1,F350,5.64,131,Hw,24.1,1,,55.41224,-127.81465
C1,F350,5.64,134,Pl,25.5,4,,,
C1,G050,5.64,105,Hw,11.3,1,,,
C1,G050,5.64,108,Hw,12.1,3,"broken stub, 2m tall",,
C1,G050,5.64,104,Hw,14,1,,,
C1,G050,5.64,109,Hw,14,1,,,
C1,G050,5.64,107,Hw,24.7,1,,,
C1,G050,5.64,103,Ac,73.4,1,,,
C1,G050,5.64,106,Ac,84.8,1,,,
C1,G050,5.64,102,Cw,87,1,dbh estimated (fork below dbh),55.41552,-127.81392
C1,G250,5.64,110,Hw,10.8,4,,55.41371,-127.8138
C1,G250,5.64,111,Hw,12.5,2,,,
C1,G250,5.64,116,Cw,15.3,1,,,
C1,G250,5.64,121,Sx,16.9,4,,,
C1,G250,5.64,118,Hw,20.3,1,,,
C1,G250,5.64,112,Cw,24.9,1,,,
C1,G250,5.64,113,Hw,26.3,2,didn't include small fork on tree,,
C1,G250,5.64,122,Cw,27,1,,,
C1,G250,5.64,117,Sx,27.6,1,,,
C1,G250,5.64,114,Hw,27.8,1,,,
C1,G250,5.64,123,Cw,28.3,1,,,
C1,G250,5.64,120,Cw,28.6,1,,,
C1,G250,5.64,119,Hw,29.9,1,,,
C1,G250,5.64,115,Cw,38.3,1,,,
C1,G400,3.99,130,Cw,11.3,2,,,
C1,G400,3.99,127,Hw,19.5,1,,,
C1,G400,3.99,125,Cw,26.5,1,,,
C1,G400,3.99,126,Sx,27.4,1,,,
C1,G400,3.99,129,Hw,28.3,1,,,
C1,G400,3.99,128,Sx,30.2,1,,,
C1,G400,3.99,124,Cw,32.1,1,,55.41218,-127.81385
C1,H050,5.64,97,Hw,10.3,2,,,
C1,H050,5.64,101,Hw,15.4,2,,,
C1,H050,5.64,93,Hw,17.3,2,,,
C1,H050,5.64,92,Hw,17.8,1,,,
C1,H050,5.64,100,Ba,17.9,4,,,
C1,H050,5.64,94,Cw,18.5,1,,,
C1,H050,5.64,89,Ba,20.5,4,,55.41495,-127.81309
C1,H050,5.64,95,Hw,22.9,1,,,
C1,H050,5.64,99,Cw,25.1,1,,,
C1,H050,5.64,91,Hw,33.3,1,,,
C1,H050,5.64,98,Hw,36.2,1,,,
C1,H050,5.64,96,Ba,38.4,4,,,
C1,H050,5.64,90,Sx,40.6,1,,,
C1,H200,5.64,86,Hw,10.1,2,,,
C1,H200,5.64,81,Hw,15.6,1,,55.41341,-127.81297
C1,H200,5.64,85,Hw,21.7,1,,,
C1,H200,5.64,82,Cw,23.6,1,,,
C1,H200,5.64,88,Hw,28.1,1,,,
C1,H200,5.64,87,Cw,42.3,1,,,
C1,H200,5.64,84,Sx,48.8,1,,,
C1,H200,5.64,83,Ba,53.8,1,,,
C1,H350,3.99,75,Hw,13.1,3,,,
C1,H350,3.99,79,Hw,13.8,1,,,
C1,H350,3.99,70,Sx,14.1,4,,55.41209,-127.81326
C1,H350,3.99,76,Hw,14.4,1,,,
C1,H350,3.99,74,Hw,16.9,1,,,
C1,H350,3.99,80,Hw,17.3,1,,,
C1,H350,3.99,73,Hw,19.3,1,,,
C1,H350,3.99,71,Ep,22.4,1,,,
C1,H350,3.99,78,Hw,25.3,1,,,
C1,H350,3.99,77,Sx,29.2,1,,,
C1,H350,3.99,72,Hw,33.5,1,,,
C1,I100,5.64,54,Cw,10.9,1,,,
C1,I100,5.64,56,Cw,15.8,1,,,
C1,I100,5.64,51,Hw,20.2,1,,,
C1,I100,5.64,50,Pl,22,4,,,
C1,I100,5.64,49,Hw,26.1,1,,,
C1,I100,5.64,57,Cw,27.7,1,,,
C1,I100,5.64,53,Ep,30.2,1,,,
C1,I100,5.64,52,Hw,31,1,,,
C1,I100,5.64,48,Hw,33.9,1,,55.41391,-127.8125
C1,I100,5.64,55,Cw,37.7,1,,,
C1,I250,3.99,66,Hw,11.2,4,,,
C1,I250,3.99,64,Hw,15,3,,,
C1,I250,3.99,61,Cw,15.8,1,,,
C1,I250,3.99,62,Cw,18.5,1,,,
C1,I250,3.99,67,Sx,18.8,2,,,
C1,I250,3.99,63,Hw,20.1,1,,,
C1,I250,3.99,59,Cw,21.5,1,,,
C1,I250,3.99,68,Hw,22.4,1,,,
C1,I250,3.99,58,Cw,23.8,1,,55.41255,-127.81232
C1,I250,3.99,60,Sx,30.7,1,,,
C1,I250,3.99,65,Cw,31.1,1,,,
C1,I250,3.99,69,Hw,31.4,1,,,
C1,J000,3.99,42,Cw,13.4,1,,55.41429,-127.81152
C1,J000,3.99,43,Cw,17,1,,,
C1,J000,3.99,47,Hw,18.5,1,,,
C1,J000,3.99,45,Hw,30.9,1,,,
C1,J000,3.99,44,Pl,39,1,,,
C1,J000,3.99,46,Hw,42.5,1,,,
C1,J150,7.98,37,Hw,11.9,1,,,
C1,J150,7.98,41,Hw,16,1,,,
C1,J150,7.98,38,Hw,16.2,1,,,
C1,J150,7.98,33,Ba,17.5,4,,,
C1,J150,7.98,32,Cw,19.8,1,,,
C1,J150,7.98,31,Hw,25.7,1,,55.41283,-127.81122
C1,J150,7.98,39,Sx,35.1,1,,,
C1,J150,7.98,40,Sx,43.6,1,,,
C1,J150,7.98,36,Hw,66.4,1,,,
C1,J150,7.98,35,Hw,68.7,1,,,
C1,J150,7.98,34,Cw,100.3,1,,,
C1,K050,3.99,29,Hw,14.4,4,,,
C1,K050,3.99,27,Hw,18,1,,,
C1,K050,3.99,30,Hw,18,1,,,
C1,K050,3.99,25,Hw,20.6,2,tree forked below dbh,,
C1,K050,3.99,28,Hw,22.7,1,,,
C1,K050,3.99,24,Hw,24.6,1,,,
C1,K050,3.99,26,Hw,28.2,1,,,
C1,K050,3.99,22,Pl,29.9,1,,55.41373,-127.81066
C1,K050,3.99,23,Hw,32.7,1,,,
C1,L050,3.99,16,Hw,10.5,2,,,
C1,L050,3.99,19,Hw,10.8,1,,,
C1,L050,3.99,21,Pl,22.1,1,,,
C1,L050,3.99,18,Hw,27,1,,,
C1,L050,3.99,20,Sx,27.9,1,,,
C1,L050,3.99,15,Hw,28.9,1,,55.41337,-127.80986
C1,L050,3.99,17,Hw,39.7,1,,,
C2,B050,7.98,374,Ep,10.2,1,no sign,55.4143,127.81847
C2,B050,7.98,377,Cw,11.2,1,,,
C2,B050,7.98,376,Ac,69.8,1,,,
C2,B050,7.98,375,Ac,75.3,1,unsure about GPS coordinates,,
C2,C150,7.98,no trees,n/a,0,0,no large trees in plot,55.4145,127.81998
C2,D000,5.64,no trees,n/a,0,0,"no large trees in vicinity, no sign anywhere",55.41489,127.81703
C2,D150,5.64,340,Cw,12.4,1,,,
C2,D150,5.64,337,Cw,12.7,4,adjacent to tree marked w/paper sign. not ledgible.,55.41501,-127.81946
C2,D150,5.64,341,Hw,22.3,1,,,
C2,D150,5.64,342,Cw,28.2,1,,,
C2,D150,5.64,339,Cw,29.9,1,,,
C2,D150,5.64,343,Cw,39,1,,,
C2,D150,5.64,338,Hw,46.9,1,,,
C2,E050,5.64,332,Cw,12.2,2,,,
C2,E050,5.64,331,Hw,14.7,4,,,
C2,E050,5.64,335,Cw,20.7,1,,,
C2,E050,5.64,336,Hw,23.6,1,,,
C2,E050,5.64,333,Cw,31.9,1,,,
C2,E050,5.64,334,Hw,42,1,,,
C2,E050,5.64,330,Hw,45.6,1,,55.41536,-127.817
C2,E150,7.98,329,Sx,11.5,1,couldn't  find sign,55.41537,-127.81862
C2,E250,5.64,324,Hw,25.5,1,,,
C2,E250,5.64,323,Sx,26.7,1,,,
C2,E250,5.64,325,Hw,31.4,1,,,
C2,E250,5.64,327,Cw,31.9,1,,,
C2,E250,5.64,326,Hw,38.5,1,dbh estimated,,
C2,E250,5.64,328,Sx,48.9,1,,,
C2,E250,5.64,322,Sx,51.6,1,,55.41537,127.82004
C2,F000,5.64,313,Hw,14.5,3,,,
C2,F000,5.64,311,Hw,15.4,1,,,
C2,F000,5.64,312,Hw,42.3,4,,,
C2,F000,5.64,308,Ac,43.2,1,,55.41564,-127.81517
C2,F000,5.64,310,Cw,47.5,1,,,
C2,F000,5.64,309,Ac,77.3,1,,,
C2,F150,3.99,316,Hw,13.4,1,,,
C2,F150,3.99,314,Cw,13.7,1,,55.41579,-127.81789
C2,F150,3.99,319,Cw,29,1,,,
C2,F150,3.99,318,Ac,31.8,1,,,
C2,F150,3.99,315,Cw,37.9,1,,,
C2,F150,3.99,317,Sx,42.5,1,,,
C2,F300,7.98,320,Ac,11.5,1,couldn't find sign,55.41579,-127.82011
C2,F300,7.98,321,Sx,12.7,1,,,
C2,G050,5.64,305,Cw,13.6,1,,,
C2,G050,5.64,307,Hw,15.3,1,,,
C2,G050,5.64,299,Cw,15.4,1,dbh estimated,,
C2,G050,5.64,303,Ba,21,4,,,
C2,G050,5.64,302,Cw,24.3,1,,,
C2,G050,5.64,306,Hw,25.5,1,,,
C2,G050,5.64,304,Cw,27.9,1,,,
C2,G050,5.64,300,Ba,35.2,1,,,
C2,G050,5.64,298,Cw,36,1,dbh estimated,55.4162,-127.81653
C2,G050,5.64,301,Sx,56.6,1,,,
C2,G200,7.98,no trees,n/a,0,0,no large trees in plot,55.41622,-127.81872
C2,G300,5.64,297,Cw,14.4,1,,,
C2,G300,5.64,296,Hw,16.3,4,,,
C2,G300,5.64,293,Hw,17.9,1,,,
C2,G300,5.64,295,Hw,18,1,,,
C2,G300,5.64,292,Cw,20.9,1,,,
C2,G300,5.64,291,Hw,21.2,1,,55.41623,127.82013
C2,G300,5.64,294,Ac,34.7,1,,,
C2,H000,5.64,277,Hw,18.8,1,,,
C2,H000,5.64,276,Hw,20.1,1,,,
C2,H000,5.64,279,Sx,22.2,2,,,
C2,H000,5.64,275,Hw,23.5,1,,55.41662,127.81544
C2,H000,5.64,278,Hw,37.7,1,,,
C2,H000,5.64,280,Hw,46.9,1,,,
C2,H100,7.98,281,Hw,38.8,1,at edge of road/trail ,55.41657,127.81706
C2,H250,7.98,287,Hw,15.2,1,,,
C2,H250,7.98,289,Hw,18,1,,,
C2,H250,7.98,283,Cw,32,1,,,
C2,H250,7.98,284,Cw,33.1,1,,,
C2,H250,7.98,286,Hw,37.9,1,,,
C2,H250,7.98,288,Hw,39.6,1,,,
C2,H250,7.98,282,Sx,41.4,1,,55.41657,-127.81922
C2,H250,7.98,285,Ba,53.5,1,,,
C2,H350,5.64,290,Cw,36.8,1,,55.41656,127.82106
C2,I100,3.99,256,Hw,19.9,1,,,
C2,I100,3.99,258,Hw,23.9,1,,,
C2,I100,3.99,257,Hw,25,1,,,
C2,I100,3.99,254,Hw,27.4,2,,,
C2,I100,3.99,255,Hw,30.4,1,,,
C2,I100,3.99,253,Hw,32.6,1,,55.417,-127.81665
C2,I200,3.99,265,Hw,16.5,4,,,
C2,I200,3.99,264,Hw,18.4,1,,,
C2,I200,3.99,260,Hw,18.6,2,,,
C2,I200,3.99,259,Hw,19.3,1,,55.41709,-127.81813
C2,I200,3.99,262,Hw,19.8,1,,,
C2,I200,3.99,266,Hw,20.5,1,,,
C2,I200,3.99,263,Bl,26.7,1,,,
C2,I200,3.99,261,Hw,33.7,1,,,
C2,I300,3.99,267,Hw,14.5,1,,55.41709,-127.81965
C2,I300,3.99,271,Hw,15.9,1,,,
C2,I300,3.99,268,Hw,16.9,1,,,
C2,I300,3.99,270,Hw,21.1,1,,,
C2,I300,3.99,269,Hw,44.9,1,,,
C2,I450,3.99,273,Sx,10.2,1,,,
C2,I450,3.99,272,Sx,11.5,1,,55.41703,-127.82218
C2,I450,3.99,274,Hw,12.5,1,,,
C2,J050,7.98,248,Sx,11.9,1,no sign found ,55.41758,-127.81658
C2,J050,7.98,251,Hw,19.2,4,,,
C2,J050,7.98,250,Hw,20.7,1,,,
C2,J050,7.98,252,Hw,24.5,1,,,
C2,J050,7.98,249,Hw,29.6,1,,,
C2,J200,3.99,243,Hw,12.7,2,,,
C2,J200,3.99,246,Hw,23.2,2,,,
C2,J200,3.99,245,Hw,25.3,1,,,
C2,J200,3.99,242,Hw,27.9,2,,55.41757,-127.81885
C2,J200,3.99,244,Cw,33.9,1,,,
C2,J300,5.64,232,Hw,12.7,2, no signs anywhere on this line ,,
C2,J300,5.64,241,Hw,12.9,2,,,
C2,J300,5.64,239,Cw,14.9,1,,,
C2,J300,5.64,236,Cw,15.2,1,,,
C2,J300,5.64,233,Hw,19,1,,,
C2,J300,5.64,235,Hw,19.3,1,,,
C2,J300,5.64,240,Cw,28.6,1,,,
C2,J300,5.64,238,Hw,30.9,1,,,
C2,J300,5.64,237,Hw,32.3,1,,,
C2,J300,5.64,231,Cw,34.7,1,,55.41752,-127.82041
C2,J300,5.64,234,Hw,34.7,1,,,
C2,J450,7.98,229,Hw,14.2,2,,,
C2,J450,7.98,230,Hw,14.2,2,,,
C2,J450,7.98,225,Hw,15.1,1,,55.41756,-127.82272
C2,J450,7.98,226,Hw,27.2,1,,,
C2,J450,7.98,227,Hw,38.2,1,,,
C2,J450,7.98,228,Hw,62.2,1,,,
C2,K000,3.99,208,Hw,12.4,2,,,
C2,K000,3.99,207,Cw,12.8,1,,,
C2,K000,3.99,209,Sx,21.3,4,,,
C2,K000,3.99,205,Cw,25.1,1,,,
C2,K000,3.99,204,Bl,44.3,4,,55.41802,-127.81751
C2,K000,3.99,206,Sx,52.4,1,,,
C2,K100,5.64,216,Cw,10,1,lost tag 215,,
C2,K100,5.64,211,Hw,11,1,,,
C2,K100,5.64,214,Hw,11.6,1,,,
C2,K100,5.64,212,Hw,12.2,1,,,
C2,K100,5.64,218,Bl,12.8,1,,,
C2,K100,5.64,217,Sx,28.1,1,,,
C2,K100,5.64,210,Ac,62.2,4,,55.418,-127.81913
C2,K100,5.64,213,Cw,75.3,1,,,
C2,K250,7.98,221,Hw,32.4,1,,,
C2,K250,7.98,219,Hw,37.5,1,,55.41798,-127.82155
C2,K250,7.98,223,Hw,38.2,1,,,
C2,K250,7.98,222,Hw,56.8,4,,,
C2,K250,7.98,224,Hw,59.4,1,,,
C2,K250,7.98,220,Cw,120.4,1,,,
C2,L000,5.64,no trees,n/a,0,0,no large trees this plot,55.41852,-127.81829
C2,L100,5.64,no trees,n/a,0,0,no large trees this plot,55.41848,-127.81986
C3,A000,5.64,369,Cw,16.5,1,,,
C3,A000,5.64,370,Hw,17.2,1,,,
C3,A000,5.64,368,Hw,21,4,,,
C3,A000,5.64,367,Hw,38.2,1,7.98 would result in 15 trees in the plot,55.42027,127.82102
C3,B100,2.52,365,Hw,18,1,,,
C3,B100,2.52,366,Sx,23.2,1,,,
C3,B100,2.52,364,Hw,25.4,1,3.99m plot meant 14 trees,55.42081,127.82026
C3,C000,5.64,344,Hw,13.4,1,at edge of opening.,55.41965,127.81921
C3,C100,7.98,348,Hw,10.8,1,,,
C3,C100,7.98,351,Hw,12.4,2,,,
C3,C100,7.98,349,Hw,21.5,1,,,
C3,C100,7.98,350,Hw,22.6,1,,,
C3,C100,7.98,352,Hw,25.6,1,,,
C3,C100,7.98,345,Hw,34.4,1,,55.42051,127.81953
C3,C100,7.98,347,Hw,39.8,1,,,
C3,C100,7.98,346,Sx,54.8,1,,,
C3,C200,5.64,361,Hw,10.5,1,,,
C3,C200,5.64,357,Hw,13.2,1,,,
C3,C200,5.64,355,Hw,13.6,1,,,
C3,C200,5.64,363,Hw,13.7,3,on about  a 45 degree  angle ,,
C3,C200,5.64,359,Hw,22.3,1,,,
C3,C200,5.64,356,Hw,23.9,1,,,
C3,C200,5.64,360,Hw,25.4,1,,,
C3,C200,5.64,354,Hw,29.9,1,,,
C3,C200,5.64,362,Bl,34.1,1,,,
C3,C200,5.64,353,Hw,36.6,1,,55.42152,127.81944
C3,C200,5.64,358,Bl,40.2,1,,,
C3,D000,5.64,no trees,n/a,0,0,no trees this location,55.41945,127.81837
C3,D100,7.98,372,Hw,39.8,1,,,
C3,D100,7.98,371,Hw,45.8,1,windthrow,55.42025,127.81859
C3,D250,5.64,381,Hw,10.2,1,,,
C3,D250,5.64,390,Bl,10.4,3,out of sequence ,,
C3,D250,5.64,380,Bl,10.5,4,,,
C3,D250,5.64,385,Bl,11.2,4,,,
C3,D250,5.64,384,Hw,12.7,1,,,
C3,D250,5.64,378,Hw,13.5,1,tags 373 to 377 missing ,55.42143,127.81869
C3,D250,5.64,382,Hw,14.2,1,,,
C3,D250,5.64,388,Hw,20.4,1,,,
C3,D250,5.64,379,Hw,26.6,1,,,
C3,D250,5.64,387,Hw,28.1,1,,,
C3,D250,5.64,389,Hw,31.9,1,,,
C3,D250,5.64,383,Hw,32.6,1,,,
C3,D250,5.64,386,Hw,36.4,1,,,
C3,D350,5.64,395,Hw,12,3,,,
C3,D350,5.64,393,Hw,21.1,1,,,
C3,D350,5.64,394,Hw,25.3,1,,,
C3,D350,5.64,396,Hw,25.4,1,,,
C3,D350,5.64,392,Hw,34.2,1,,,
C3,D350,5.64,391,Hw,34.5,1,,55.42226,127.81878
C3,E050,3.99,413,Hw,15.7,1,,,
C3,E050,3.99,416,Hw,20.5,1,,,
C3,E050,3.99,415,Hw,26.6,1,,,
C3,E050,3.99,414,Hw,29.6,1,,,
C3,E050,3.99,411,Hw,33.7,1,,,
C3,E050,3.99,412,Hw,39.9,1,,,
C3,E050,3.99,410,Hw,40.8,1,,55.41956,127.81757
C3,E150,3.99,408,Hw,12,1,,,
C3,E150,3.99,409,Hw,15,1,,,
C3,E150,3.99,404,Hw,15.3,1,,55.42044,127.81755
C3,E150,3.99,407,Hw,17.9,1,,,
C3,E150,3.99,405,Sx,32.7,1,,,
C3,E150,3.99,406,Cw,41.3,1,,,
C3,E300,3.99,403,Hw,10.1,3,,,
C3,E300,3.99,400,Bl,13,1,,,
C3,E300,3.99,401,Hw,13.4,4,,,
C3,E300,3.99,402,Hw,19.6,1,,,
C3,E300,3.99,398,Hw,23.1,1,,,
C3,E300,3.99,397,Hw,36.2,1,,55.42186,127.81784
C3,E300,3.99,399,Hw,36.6,1,,,
C3,F100,5.64,425,Hw,21.1,1,,,
C3,F100,5.64,426,Hw,26,1,diam estimated -fork below dbh,,
C3,F100,5.64,424,Hw,26.7,1,no sign but certain about location ,55.41926,127.81687
C3,F100,5.64,427,Hw,30,1,diam estimated -fork below dbh,,
C3,F100,5.64,428,Hw,36.2,1,,,
C3,F250,5.64,418,Hw,13.4,4,,,
C3,F250,5.64,420,Hw,30.1,1,missing tag 419,,
C3,F250,5.64,421,Hw,35,1,,,
C3,F250,5.64,422,Hw,37.2,1,,,
C3,F250,5.64,423,Hw,37.3,1,,,
C3,F250,5.64,417,Hw,39.6,1,,55.42054,127.81658
C3,F350,7.98,no trees,n/a,0,0,"no large trees, no sign but sure about location ",55.42151,127.81665
C3,G000,7.98,438,Cw,10.3,2,,,
C3,G000,7.98,435,Hw,15.6,1,tag 434 missing,,
C3,G000,7.98,433,Cw,16.5,1,,,
C3,G000,7.98,431,Hw,21.1,2,,,
C3,G000,7.98,432,Hw,22.6,1,,,
C3,G000,7.98,436,Cw,35.1,1,,,
C3,G000,7.98,437,Sx,38.2,1,,,
C3,G000,7.98,430,Cw,47.8,1,,,
C3,G000,7.98,429,Sx,49.7,1,,55.4183,127.81549
C3,G100,3.99,442,Cw,10.1,1,,,
C3,G100,3.99,444,Cw,19.9,1,,,
C3,G100,3.99,440,Ba,29.4,1,,55.41907,127.81568
C3,G100,3.99,443,Hw,31.2,1,,,
C3,G100,3.99,446,Cw,32.6,1,,,
C3,G100,3.99,441,Cw,35.5,1,,,
C3,G100,3.99,447,Cw,55.6,1,,,
C3,G100,3.99,445,Hw,63.2,1,,,
C3,G250,7.98,451,Bl,12.9,4,,,
C3,G250,7.98,453,Bl,16.1,4,,,
C3,G250,7.98,449,Hw,20.4,4,,,
C3,G250,7.98,450,Hw,35.3,1,,,
C3,G250,7.98,448,Hw,40.4,1,,55.42034,127.81576
C3,G250,7.98,452,Hw,45.6,1,,,
C3,G350,7.98,466,Cw,11.4,1,,,
C3,G350,7.98,456,Hw,14.1,1,,,
C3,G350,7.98,458,Hw,14.1,1,,,
C3,G350,7.98,463,Hw,15,1,,,
C3,G350,7.98,462,Hw,18,1,,,
C3,G350,7.98,459,Hw,20.2,1,,,
C3,G350,7.98,467,Hw,22.3,1,out of sequence ,,
C3,G350,7.98,464,Hw,30.1,1,,,
C3,G350,7.98,460,Hw,34.5,1,,,
C3,G350,7.98,455,Cw,35.7,1,,,
C3,G350,7.98,461,Hw,36.3,1,,,
C3,G350,7.98,465,Hw,36.5,1,,,
C3,G350,7.98,454,Cw,41,1,,55.42138,127.81576
C3,G350,7.98,457,Hw,43,1,,,
C3,H000,3.99,493,Cw,11.1,2,,,
C3,H000,3.99,492,Cw,12.9,1,,,
C3,H000,3.99,491,Cw,19.2,1,,,
C3,H000,3.99,487,Hw,26.7,1,,55.41761,127.81497
C3,H000,3.99,490,Cw,26.7,1,,,
C3,H000,3.99,489,Cw,29.1,1,,,
C3,H000,3.99,488,Hw,40.3,1,,,
C3,H100,5.64,480,Hw,12.5,4,,,
C3,H100,5.64,483,Cw,14.8,1,,,
C3,H100,5.64,484,Bl,15.3,1,,,
C3,H100,5.64,479,Hw,16.9,1,,55.4186,127.81499
C3,H100,5.64,486,Hw,27.4,1,,,
C3,H100,5.64,482,Sx,28.1,1,,,
C3,H100,5.64,481,Hw,41.4,1,,,
C3,H100,5.64,485,Sx,46.2,1,,,
C3,H200,3.99,477,Cw,12,4,,,
C3,H200,3.99,476,Bl,22.2,4,,,
C3,H200,3.99,475,Hw,31.6,1,,55.41955,127.81496
C3,H200,3.99,478,Bl,39.7,1,,,
C3,H300,5.64,472,Cw,12.1,1,,,
C3,H300,5.64,469,Cw,12.6,1,,,
C3,H300,5.64,474,Cw,22.4,1,,,
C3,H300,5.64,468,Bl,35.1,1,,55.4204,127.81491
C3,H300,5.64,471,Bl,38.5,1,,,
C3,H300,5.64,470,Bl,39.8,1,,,
C3,H300,5.64,473,Hw,49.1,1,,,
C3,I000,5.64,494,Cw,10.1,4,,55.41707,127.81437
C3,I000,5.64,498,Cw,16.8,1,,,
C3,I000,5.64,495,Hw,21.6,1,,,
C3,I000,5.64,500,Hw,22.2,1,,,
C3,I000,5.64,497,Hw,32.7,1,,,
C3,I000,5.64,499,Hw,36,1,,,
C3,I000,5.64,496,Hw,36.3,1,,,
C3,I150,5.64,505,Hw,11.9,4,,,
C3,I150,5.64,502,Hw,13.5,2,,,
C3,I150,5.64,504,Cw,15.8,1,,,
C3,I150,5.64,506,Hw,17,4,,,
C3,I150,5.64,501,Cw,19.8,1,,55.41841,127.81419
C3,I150,5.64,503,Hw,48.8,1,,,
C3,I300,3.99,511,Hw,12.2,4,,,
C3,I300,3.99,513,Cw,15.4,2,,,
C3,I300,3.99,509,Hw,15.6,4,,,
C3,I300,3.99,508,Hw,19.7,4,,,
C3,I300,3.99,512,Hw,31.7,1,,,
C3,I300,3.99,507,Hw,39.5,1,,55.41964,127.81413
C3,I300,3.99,514,Cw,40.7,1,,,
C3,I300,3.99,510,Hw,57.8,1,,,
C3,J100,3.99,529,Hw,18,4,,,
C3,J100,3.99,528,Hw,26,1,,,
C3,J100,3.99,525,Hw,26.8,1,,,
C3,J100,3.99,527,Hw,28,1,,,
C3,J100,3.99,526,Hw,29.8,1,,,
C3,J100,3.99,524,Hw,39.7,1,,55.41829,127.81349
C3,J250,7.98,515,Cw,14.7,2,,55.41966,127.81344
C3,J250,7.98,521,Hw,17.2,1,,,
C3,J250,7.98,517,Cw,27.6,1,,,
C3,J250,7.98,516,Cw,31.8,1,,,
C3,J250,7.98,518,Cw,32.9,1,,,
C3,J250,7.98,522,Cw,34.7,1,,,
C3,J250,7.98,520,Hw,36.9,1,,,
C3,J250,7.98,523,Hw,46.6,1,,,
C3,J250,7.98,519,Hw,51.5,1,,,
C3,K000,7.98,544,Bl,28.2,4,,,
C3,K000,7.98,541,Bl,29.2,4,didnt include 1 recent wihdthrow since only part of a tree,55.41741,127.81232
C3,K000,7.98,542,Hw,33.1,4,stub,,
C3,K000,7.98,546,Bl,38.3,4,,,
C3,K000,7.98,548,Cw,41.2,1,,,
C3,K000,7.98,547,Hw,43.5,1,,,
C3,K000,7.98,543,Cw,65.3,1,,,
C3,K000,7.98,545,Cw,71.2,1,,,
C3,K100,7.98,537,Bl,16.4,2,,,
C3,K100,7.98,540,Bl,20.2,4,,,
C3,K100,7.98,535,Hw,21.2,4,,,
C3,K100,7.98,533,Cw,24.4,1,,,
C3,K100,7.98,538,Bl,41,4,,,
C3,K100,7.98,539,Bl,47.1,4,,,
C3,K100,7.98,530,Hw,52.4,3,,55.4183,127.81244
C3,K100,7.98,531,Hw,62.1,4,dead stub,,
C3,K100,7.98,536,Sx,64.6,1,,,
C3,K100,7.98,534,Hw,74,1,,,
C3,K100,7.98,532,Hw,76.7,1,,,
D3,A100,5.64,621,Hw,19,1,,,
D3,A100,5.64,619,Hw,23,1,,55.44738,127.85704
D3,A100,5.64,624,Hw,35.4,1,,,
D3,A100,5.64,620,Cw,53.3,1,,,
D3,A100,5.64,623,Hw,63.5,1,,,
D3,A100,5.64,622,Hw,64.2,1,,,
D3,B100,5.64,618,Hw,15.9,4,,,
D3,B100,5.64,615,Hw,20.2,1,,,
D3,B100,5.64,614,Ba,22.7,1,"No B100 sign, just older blue ribbon and faded paper. Fits w/GPS from C200.",55.44825,127.85654
D3,B100,5.64,617,Hw,56,1,,,
D3,B100,5.64,616,Hw,82.4,4,5 m stub.,,
D3,B300,7.98,633,Hw,18.4,1,,,
D3,B300,7.98,631,Hw,19.9,1,,,
D3,B300,7.98,634,Cw,22.7,4,,,
D3,B300,7.98,628,Hw,25.6,2,,,
D3,B300,7.98,627,Hw,32.9,1,No sign at grid pt. Measured from B100 & C200 GPS.,,
D3,B300,7.98,632,Hw,43.1,1,,,
D3,B300,7.98,629,Hw,62.4,1,,,
D3,B300,7.98,630,Hw,74,1,,,
D3,B300,7.98,626,Hw,101.1,1,Tags missing.,55.44641,127.85626
D3,B450,5.64,644,Hw,10,1,,,
D3,B450,5.64,642,Hw,14.7,1,,,
D3,B450,5.64,637,Hw,17.1,1,,,
D3,B450,5.64,641,Hw,21.6,1,Tag 640 missing,,
D3,B450,5.64,645,Hw,24,1,,,
D3,B450,5.64,635,Hw,24.2,1,,55.44486,127.85629
D3,B450,5.64,643,Hw,31.6,1,,,
D3,B450,5.64,638,Hw,39.3,1,,,
D3,B450,5.64,636,Hw,43.9,1,,,
D3,B450,5.64,639,Hw,59.9,1,,,
D3,C000,5.64,579,Hw,13.6,2,,55.44973,127.85553
D3,C000,5.64,581,Hw,14.3,1,,,
D3,C000,5.64,583,Hw,21,1,,,
D3,C000,5.64,582,Hw,22.1,2,,,
D3,C000,5.64,584,Hw,23.5,1,,,
D3,C000,5.64,580,Hw,60.3,4,3m stub. ,,
D3,C200,7.98,611,Hw,10.5,4,,,
D3,C200,7.98,610,Ba,14.3,1,,,
D3,C200,7.98,603,Cw,18,4,,,
D3,C200,7.98,612,Hw,18.5,1,,,
D3,C200,7.98,609,Hw,21.5,1,,,
D3,C200,7.98,608,Hw,24.3,1,,,
D3,C200,7.98,606,Hw,24.6,1,,,
D3,C200,7.98,605,Hw,42.3,1,,,
D3,C200,7.98,602,Hw,54,1,,55.44794,127.85565
D3,C200,7.98,613,Hw,61.5,1,,,
D3,C200,7.98,607,Hw,65.5,1,,,
D3,C200,7.98,604,Hw,70.5,1,,,
D3,C350,7.98,675,Hw,16.3,1,,,
D3,C350,7.98,678,Hw,22.1,1,,,
D3,C350,7.98,679,Cw,47.1,1,,,
D3,C350,7.98,676,Hw,56.8,1,,,
D3,C350,7.98,677,Cw,60.8,1,,,
D3,C350,7.98,680,Hw,65.4,1,,,
D3,C350,7.98,674,Hw,68.5,4,"#s out of sequence due to slope and blowdown.  No sign on tree, but with GPS from other plots it's C350.",55.44652,127.85536
D3,C550,7.98,647,Hw,20.9,1,,,
D3,C550,7.98,646,Hw,27.5,1,,55.4449,127.85555
D3,C550,7.98,655,Hw,48.2,1,4m stub. ,,
D3,C550,7.98,651,Hw,48.7,4,1.9m stub. ,,
D3,C550,7.98,654,Hw,50.9,1,,,
D3,C550,7.98,653,Hw,52,1,,,
D3,C550,7.98,656,Hw,58.8,1,,,
D3,C550,7.98,649,Hw,59.3,1,,,
D3,C550,7.98,650,Hw,59.3,1,,,
D3,C550,7.98,652,Cw,60.8,1,,,
D3,C550,7.98,648,Hw,73.1,1,,,
D3,D200,5.64,597,Hw,20.7,1,,,
D3,D200,5.64,600,Hw,25.7,1,,,
D3,D200,5.64,601,Cw,26.7,1,,,
D3,D200,5.64,598,Cw,39,1,,,
D3,D200,5.64,596,Hw,44.2,1,,55.44871,127.85488
D3,D200,5.64,599,Hw,51.8,2,,,
D3,D350,5.64,683,Hw,10.5,1,,,
D3,D350,5.64,690,Hw,10.6,1,,,
D3,D350,5.64,681,Hw,11,1,,55.44753,127.85467
D3,D350,5.64,692,Hw,11.6,2,,,
D3,D350,5.64,693,Hw,12.2,1,,,
D3,D350,5.64,689,Hw,12.4,1,,,
D3,D350,5.64,684,Hw,13.5,1,,,
D3,D350,5.64,685,Hw,14.5,1,,,
D3,D350,5.64,694,Hw,15.8,4,,,
D3,D350,5.64,686,Hw,18,2,,,
D3,D350,5.64,682,Hw,19.6,1,,,
D3,D350,5.64,687,Cw,25.3,1,,,
D3,D350,5.64,695,Hw,27.6,1,,,
D3,D350,5.64,691,Hw,28.4,1,,,
D3,D350,5.64,688,Hw,55.2,1,,,
D3,D600,5.64,661,Hw,18.3,1,,,
D3,D600,5.64,664,Hw,24.7,4,,,
D3,D600,5.64,657,Hw,29.5,1,,55.4453,127.85441
D3,D600,5.64,663,Hw,45,1,,,
D3,D600,5.64,659,Hw,49.4,1,,,
D3,D600,5.64,658,Cw,53,1,,,
D3,D600,5.64,662,Hw,65.9,4,3m stub. ,,
D3,D600,5.64,660,Cw,68.6,1,,,
D3,E250,7.98,593,Ba,11.5,3,,,
D3,E250,7.98,585,Hw,16.6,1,,55.44926,127.85408
D3,E250,7.98,592,Hw,17.1,1,Tree leaning. ,,
D3,E250,7.98,588,Hw,18,1,,,
D3,E250,7.98,586,Hw,18.7,1,,,
D3,E250,7.98,594,Hw,18.7,1,,,
D3,E250,7.98,591,Hw,24.5,1,,,
D3,E250,7.98,589,Cw,42,1,,,
D3,E250,7.98,590,Hw,54.2,1,,,
D3,E250,7.98,595,Hw,57.4,4,,,
D3,E250,7.98,587,Hw,68.7,1,,,
D3,E400,5.64,700,Cw,17.4,1,End of # strand.,,
D3,E400,5.64,698,Ba,18.9,1,,,
D3,E400,5.64,696,Cw,44.5,1,,55.44795,127.85397
D3,E400,5.64,699,Hw,49.1,1,,,
D3,E400,5.64,697,Hw,53.2,1,,,
D3,E400,5.64,221,Cw,56,1,Finishing off older # strand.,,
D3,E650,5.64,668,Hw,12.1,4,,,
D3,E650,5.64,670,Ba,13.1,4,,,
D3,E650,5.64,669,Hw,13.9,1,,,
D3,E650,5.64,667,Ba,16.7,1,,,
D3,E650,5.64,672,Hw,19.3,1,,,
D3,E650,5.64,671,Hw,23.2,1,,,
D3,E650,5.64,673,Cw,28.4,1,,,
D3,E650,5.64,666,Hw,43.1,4,,,
D3,E650,5.64,665,Hw,58.7,1,,55.44571,127.85368
D3,F200,3.99,574,Hw,10.7,1,Tree sign may be F100.  This plot is 200m from F400 and 350 m from F550 but only 85 m from the boundary.,,
D3,F200,3.99,587,Ba,13.1,2,,,
D3,F200,3.99,586,Hw,17.4,1,,,
D3,F200,3.99,575,Ba,34,1,,,
D3,F200,3.99,588,Hw,40.6,1,,,
D3,F200,3.99,573,Hw,58,1,,55.4497,127.85334
D3,F400,5.64,228,Hw,10.1,4,Leaning,,
D3,F400,5.64,225,Cw,11.6,1,,,
D3,F400,5.64,223,Hw,12.6,1,,,
D3,F400,5.64,229,Hw,12.9,1,,,
D3,F400,5.64,230,Hw,13.1,1,,,
D3,F400,5.64,226,Hw,21.7,1,,,
D3,F400,5.64,224,Hw,23.1,1,,,
D3,F400,5.64,227,Hw,46.8,1,,,
D3,F400,5.64,222,Cw,52,1,,55.44784,127.85325
D3,F400,5.64,231,Hw,55.2,1,,,
D3,F550,5.64,234,Hw,10.2,1,,,
D3,F550,5.64,239,Hw,18.1,1,,,
D3,F550,5.64,232,Hw,20.7,1,,55.44665,127.85308
D3,F550,5.64,238,Hw,26.2,1,,,
D3,F550,5.64,236,Hw,28.9,1,,,
D3,F550,5.64,237,Hw,49,1,,,
D3,F550,5.64,235,Hw,65.9,1,,,
D3,F550,5.64,233,Hw,75.1,1,,,
D3,G000,5.64,555,Hw,10.3,1,,55.44976,127.85246
D3,G000,5.64,572,Hw,10.6,1,,,
D3,G000,5.64,568,Hw,13.9,4,,,
D3,G000,5.64,562,Hw,14,4,,,
D3,G000,5.64,566,Hw,15.6,1,,,
D3,G000,5.64,567,Hw,17.7,1,,,
D3,G000,5.64,556,Hw,18.9,1,,,
D3,G000,5.64,563,Hw,20.3,1,,,
D3,G000,5.64,561,Hw,22.2,2,,,
D3,G000,5.64,565,Hw,22.7,1,,,
D3,G000,5.64,571,Ba,23.4,1,,,
D3,G000,5.64,569,Hw,27.1,1,,,
D3,G000,5.64,557,Ba,28.2,1,,,
D3,G000,5.64,564,Hw,29.8,1,,,
D3,G000,5.64,558,Hw,31.8,1,,,
D3,G000,5.64,570,Hw,33.5,1,,,
D3,G000,5.64,560,Hw,39.4,1,,,
D3,G000,5.64,559,Hw,41.2,1,,,
D3,G150,3.99,247,Hw,10,4,,,
D3,G150,3.99,249,Hw,18.3,1,,,
D3,G150,3.99,246,Cw,29.1,1,tag 245 missing,55.44851,127.85242
D3,G150,3.99,251,Hw,33.1,1,,,
D3,G150,3.99,252,Cw,50.9,1,,,
D3,G150,3.99,248,Hw,59.4,4,~10m stub. ,,
D3,G150,3.99,250,Cw,62.6,1,,,
D3,G300,3.99,244,Hw,27,1,,,
D3,G300,3.99,243,Hw,32.5,3,,,
D3,G300,3.99,242,Cw,40.8,1,,,
D3,G300,3.99,241,Cw,46.8,1,,,
D3,G300,3.99,240,Cw,50.8,1,,5.447,127.8523
D4,A050,5.64,656,Hw,76.3,1,SuspeAcplot is A 150.  A00 sign was 50m away. A00 sign should be A 100.,55.45198,127.86031
D4,B050,7.98,649,Hw,10.3,1,,55.45046,127.85946
D4,B050,7.98,650,Hw,19.3,1,,,
D4,B050,7.98,651,Hw,21.2,2,,,
D4,B050,7.98,654,Ba,27,2,,,
D4,B050,7.98,653,Hw,33.5,1,,,
D4,B050,7.98,652,Hw,42.5,1,,,
D4,B050,7.98,655,Cw,106.5,1,,,
D4,B150,5.64,670,Cw,14.2,1,,,
D4,B150,5.64,669,Cw,14.8,1,,,
D4,B150,5.64,667,Hw,18.7,1,,,
D4,B150,5.64,668,Hw,22.8,1,,,
D4,B150,5.64,672,Hw,27.1,2,tag 671 missing,,
D4,B150,5.64,671,Hw,29,1,"tree tagged in 2010 but not measured, so added in 2018",,
D4,B150,5.64,674,Cw,29.9,1,,,
D4,B150,5.64,673,Cw,31.2,1,,,
D4,B150,5.64,666,Cw,59.4,1,,55.45153,127.85951
D4,B250,5.64,662,Cw,10.4,4,2.5 m stub. ,,
D4,B250,5.64,657,Hw,10.7,1,,55.45233,127.85956
D4,B250,5.64,661,Hw,11.8,1,,,
D4,B250,5.64,664,Hw,11.9,2,,,
D4,B250,5.64,663,Ba,12.4,1,,,
D4,B250,5.64,658,Hw,24.9,1,,,
D4,B250,5.64,665,Hw,27.1,1,,,
D4,B250,5.64,660,Hw,29.2,1,,,
D4,B250,5.64,659,Hw,42,1,,,
D4,C000,5.64,no trees,n/a,0,0,Sign not found. GPS and map used to estimate location. No trees. ,55.44989,127.85886
D4,C150,5.64,648,Bl,11.5,1,,,
D4,C150,5.64,639,Bl,12.4,2,,55.45106,127.85875
D4,C150,5.64,642,Cw,12.6,1,,,
D4,C150,5.64,647,Cw,12.7,1,,,
D4,C150,5.64,641,Cw,13.9,1,,,
D4,C150,5.64,640,Hw,14.2,2,,,
D4,C150,5.64,644,Hw,19.5,1,,,
D4,C150,5.64,643,Hw,22.6,1,,,
D4,C150,5.64,645,Hw,37.9,1,,,
D4,C150,5.64,646,Hw,52.8,1,,,
D4,C250,7.98,635,Hw,10.4,1,,,
D4,C250,7.98,631,Bl,11.9,1,,,
D4,C250,7.98,638,Hw,12.5,1,,,
D4,C250,7.98,636,Hw,13.8,1,,,
D4,C250,7.98,632,Bl,17,1,,,
D4,C250,7.98,634,Hw,30.4,1,,,
D4,C250,7.98,630,Hw,50.2,1,,55.45195,127.85871
D4,C250,7.98,633,Hw,55.6,1,,,
D4,C250,7.98,637,Hw,62.7,2,Leaning but alive. ,,
D4,C350,5.64,629,Sw,11.7,1,,,
D4,C350,5.64,628,Hw,12.1,1,"Plot centre 11m N of sign tree, consistent with GPS position. ",55.45283,127.85864
D4,D050,7.98,598,Ba,11.3,1,,55.45021,127.85789
D4,D050,7.98,600,Hw,16.5,1,,,
D4,D050,7.98,599,Hw,49,1,,,
D4,D050,7.98,601,Hw,78.3,2,,,
D4,D150,7.98,606,Cw,14.2,1,,,
D4,D150,7.98,607,Hw,15.6,2,,,
D4,D150,7.98,605,Cw,22.6,1,,,
D4,D150,7.98,604,Cw,25.5,1,,,
D4,D150,7.98,602,Hw,37.7,1,,55.45103,127.85781
D4,D150,7.98,603,Cw,39.7,1,,,
D4,D250,7.98,609,Hw,34.6,1,,,
D4,D250,7.98,608,Hw,36.5,1,,55.45195,127.85773
D4,D250,7.98,611,Hw,56.9,2,,,
D4,D250,7.98,610,Hw,67.6,1,,,
D4,D350,7.98,619,Hw,14,4,2.4m stub. ,,
D4,D350,7.98,617,Hw,20.1,1,,,
D4,D350,7.98,618,Hw,25.2,4,,,
D4,D350,7.98,616,Hw,28.9,1,,,
D4,D350,7.98,615,Hw,30.9,1,,,
D4,D350,7.98,614,Hw,36.1,1,tag 613 missing,,
D4,D350,7.98,612,Hw,55.5,1,,55.45284,127.85783
D4,D500,5.64,625,Hw,14.4,4,,,
D4,D500,5.64,624,Hw,17.6,2,,,
D4,D500,5.64,621,Hw,27.1,3,,,
D4,D500,5.64,623,Hw,30.7,1,,,
D4,D500,5.64,627,Hw,34,1,,,
D4,D500,5.64,626,Hw,39,3,,,
D4,D500,5.64,620,Hw,40.9,1,,55.45423,127.85788
D4,D500,5.64,622,Hw,50.1,2,,,
D4,E000,7.98,597,Hw,96.1,1,,55.44941,127.85711
D4,E100,5.64,593,Hw,10.8,1,,55.45031,127.85703
D4,E100,5.64,594,Hw,12.6,1,,,
D4,E100,5.64,595,Hw,60.5,1,,,
D4,E100,5.64,596,Hw,78.2,1,,,
D4,E200,7.98,584,Sw,10.8,1,,,
D4,E200,7.98,586,Sw,11,1,,,
D4,E200,7.98,583,Sw,12.3,1,,55.45118,127.85697
D4,E200,7.98,587,Cw,12.5,1,,,
D4,E200,7.98,585,Hw,13.5,1,,,
D4,E200,7.98,592,Hw,16.3,4,,,
D4,E200,7.98,590,Hw,21.5,1,,,
D4,E200,7.98,589,Hw,21.6,1,,,
D4,E200,7.98,588,Cw,24.9,1,,,
D4,E200,7.98,591,Cw,25.1,1,,,
D4,E300,7.98,580,Hw,10.7,1,Sign not found. GPS used to estimate location. ,55.45207,127.8571
D4,E300,7.98,581,Hw,12.3,1,,,
D4,E300,7.98,582,Hw,12.5,1,,,
D4,E400,7.98,579,Hw,30.5,1,Sign not found. GPS used to estimate location. ,55.45296,127.85714
D4,E500,7.98,575,Hw,14.9,1,,,
D4,E500,7.98,574,Hw,18.3,2,,,
D4,E500,7.98,576,Hw,18.3,1,,,
D4,E500,7.98,572,Hw,24.7,1,,,
D4,E500,7.98,573,Hw,34.8,1,,,
D4,E500,7.98,577,Hw,37.4,1,,,
D4,E500,7.98,571,Hw,47.9,1,,55.45383,127.85712
D4,E500,7.98,578,Hw,55.2,4,,,
D4,E600,7.98,no trees,n/a,0,0,"No trees. No sign found, GPS used to estimate location. Ribbon says 650m. ",55.45466,127.85721
D4,F050,7.98,550,Hw,20,1,Out of sequence. ,,
D4,F050,7.98,544,Hw,20.3,1,,55.45078,127.85624
D4,F050,7.98,548,Hw,20.7,4,4m stub. ,,
D4,F050,7.98,549,Hw,33.1,1,,,
D4,F050,7.98,545,Hw,44.1,1,,,
D4,F050,7.98,547,Hw,50.2,1,,,
D4,F050,7.98,546,Hw,80.6,1,,,
D4,F150,7.98,557,Cw,11.5,1,,,
D4,F150,7.98,553,Hw,16.1,4,,,
D4,F150,7.98,554,Cw,16.8,1,,,
D4,F150,7.98,558,Hw,28.6,1,,,
D4,F150,7.98,552,Hw,31.3,1,,,
D4,F150,7.98,551,Hw,31.4,1,,55.4516,127.85631
D4,F150,7.98,556,Hw,55.6,1,,,
D4,F150,7.98,555,Hw,57.8,1,,,
D4,F250,7.98,561,Hw,11.9,1,,,
D4,F250,7.98,562,Hw,12.4,1,,,
D4,F250,7.98,566,Hw,20.1,1,,,
D4,F250,7.98,565,Hw,32.5,1,,,
D4,F250,7.98,560,Hw,36.5,1,,,
D4,F250,7.98,564,Hw,40,1,,,
D4,F250,7.98,563,Hw,52.9,1,,,
D4,F250,7.98,559,Hw,61.6,1,,55.4526,127.85632
D4,F350,7.98,570,Ac,10.5,1,,,
D4,F350,7.98,569,Ac,11.6,1,,,
D4,F350,7.98,567,Ep,12,1,Sign not found. GPS used to estimate location.,55.45348,127.8564
D4,F350,7.98,568,Ep,13.8,1,,,
D4,G050,7.98,543,Hw,17.9,2,,,
D4,G050,7.98,541,Hw,22.9,1,,,
D4,G050,7.98,538,Hw,45.1,1,,55.45123,127.85538
D4,G050,7.98,539,Hw,45.9,4,,,
D4,G050,7.98,540,Hw,48.8,1,,,
D4,G050,7.98,542,Hw,53.6,1,,,
D4,G150,7.98,529,Hw,17.5,1,,,
D4,G150,7.98,530,Hw,31.8,1,,,
D4,G150,7.98,528,Hw,42.6,1,,55.45206,127.85545
D4,G150,7.98,531,Hw,49.7,1,,,
D4,G250,7.98,516,Hw,11,2,,,
D4,G250,7.98,515,Hw,14.8,1,,,
D4,G250,7.98,517,Hw,15.2,1,,,
D4,G250,7.98,512,Hw,15.5,2,,,
D4,G250,7.98,514,Hw,23.7,1,,,
D4,G250,7.98,511,Hw,26.4,1,,55.45291,127.85553
D4,G250,7.98,518,Hw,33.6,1,,,
D4,G250,7.98,513,Hw,37.4,1,,,
D4,G350,7.98,509,Hw,10.4,1,,,
D4,G350,7.98,510,Bl,15.1,1,,,
D4,G350,7.98,507,Hw,16.4,1,,,
D4,G350,7.98,504,Hw,18.5,1,,,
D4,G350,7.98,502,Hw,19.2,1,,,
D4,G350,7.98,505,Hw,40.2,1,,,
D4,G350,7.98,506,Hw,42.2,1,,,
D4,G350,7.98,508,Hw,44.2,1,,,
D4,G350,7.98,501,Hw,46.2,1,,55.45395,127.85558
D4,G350,7.98,503,Hw,50.4,1,,,
D4,H000,7.98,533,Hw,10.3,1,,,
D4,H000,7.98,534,Hw,11.3,1,,,
D4,H000,7.98,536,Hw,22.7,2,,,
D4,H000,7.98,535,Hw,30.8,1,,,
D4,H000,7.98,537,Hw,33.3,4,10m stub. ,,
D4,H000,7.98,532,Hw,56.7,1,,55.45204,127.85469
D4,H100,5.64,527,Hw,11,1,,,
D4,H100,5.64,525,Hw,11.2,1,,,
D4,H100,5.64,520,Hw,23.1,1,,,
D4,H100,5.64,522,Hw,25.7,1,,,
D4,H100,5.64,524,Hw,28.7,1,,,
D4,H100,5.64,521,Hw,31.1,1,,,
D4,H100,5.64,526,Hw,32.4,1,,,
D4,H100,5.64,519,Hw,43.8,1,,55.45297,127.85464
D4,H100,5.64,523,Hw,44.6,1,,,
D5,A050,7.98,361,Hw,27.1,1,,,
D5,A050,7.98,364,Ba,28.6,1,,,
D5,A050,7.98,363,Hw,30.6,1,,,
D5,A050,7.98,356,Ba,40.9,4,,55.43715,127.84777
D5,A050,7.98,359,Hw,51,1,Estimated DBH. ,,
D5,A050,7.98,357,Hw,60.6,1,,,
D5,A050,7.98,362,Hw,63.1,1,,,
D5,A050,7.98,365,Hw,63.7,1,,,
D5,A050,7.98,360,Hw,75.9,1,,,
D5,A050,7.98,358,Hw,85,1,Estimated DBH. ,,
D5,A150,7.98,368,Ba,14.8,1,,,
D5,A150,7.98,367,Hw,15.5,2,,,
D5,A150,7.98,369,Ba,22.9,1,,,
D5,A150,7.98,366,Hw,71.4,1,,55.43805,127.84792
D5,A150,7.98,370,Hw,81.3,1,,,
D5,A250,7.98,373,Hw,27.4,1,,,
D5,A250,7.98,371,Hw,54.8,1,Sign not found. GPS used to estimate location. ,55.43898,127.84823
D5,A250,7.98,372,Hw,70.5,1,,,
D5,B100,7.98,550,Hw,12.8,1,,,
D5,B100,7.98,553,Ba,13,4,Leaning heavily.,,
D5,B100,7.98,549,Hw,15.5,1,,,
D5,B100,7.98,547,Ba,28.7,1,,,
D5,B100,7.98,551,Ba,31.9,1,,,
D5,B100,7.98,548,Hw,37,1,,,
D5,B100,7.98,546,Hw,45.9,1,B100 sign tree on edge of creek riparian.,55.43713,127.84841
D5,B100,7.98,554,Hw,71.1,1,,,
D5,B100,7.98,552,Hw,78.9,1,,,
D5,B450,7.98,376,Ba,12.3,1,,,
D5,B450,7.98,377,Ba,12.5,1,,,
D5,B450,7.98,375,Ba,15.2,1,,,
D5,B450,7.98,378,Ba,23,1,,,
D5,B450,7.98,379,Hw,49.5,1,,,
D5,B450,7.98,374,Hw,68.2,1,"Sign not found, B-line not signed.  This plot GPS'd from C450. Signed plot 10m from old B50 signed tree(33 m line?)",55.44019,127.84882
D5,C050,7.98,401,Hw,11.1,4,,,
D5,C050,7.98,402,Hw,15.6,1,,,
D5,C050,7.98,405,Ba,32.6,1,,,
D5,C050,7.98,403,Ba,35,1,,,
D5,C050,7.98,404,Ba,35.9,1,,,
D5,C050,7.98,400,Hw,36.9,4,3m stub. ,,
D5,C050,7.98,406,Ba,40.1,1,,,
D5,C050,7.98,399,Hw,58.8,1,,55.43651,127.84954
D5,C150,7.98,395,Hw,42.3,1,,55.43753,127.84954
D5,C150,7.98,397,Hw,54.1,1,,,
D5,C150,7.98,398,Hw,64.7,1,,,
D5,C150,7.98,396,Hw,88.4,1,,,
D5,C250,5.64,390,Hw,10.4,1,,,
D5,C250,5.64,389,Hw,11.1,1,,,
D5,C250,5.64,388,Hw,12.7,1,,55.43837,127.84961
D5,C250,5.64,393,Hw,13,1,,,
D5,C250,5.64,391,Hw,13.1,1,,,
D5,C250,5.64,394,Hw,13.9,1,,,
D5,C250,5.64,392,Hw,14.9,1,,,
D5,C350,7.98,383,Hw,41,1,,55.43919,127.84966
D5,C350,7.98,384,Hw,45.2,1,,,
D5,C350,7.98,385,Hw,55.1,1,,,
D5,C350,7.98,386,Hw,55.8,1,,,
D5,C350,7.98,387,Hw,73,1,,,
D5,C450,7.98,380,Hw,10.1,1,,55.44012,127.84966
D5,C450,7.98,381,Hw,20.5,4,,,
D5,C450,7.98,382,Bl,42.1,4,4m stub. Sign tree,,
D5,D000,7.98,410,Hw,11.2,4,,,
D5,D000,7.98,412,Hw,12.2,1,,,
D5,D000,7.98,414,Ba,13.5,1,,,
D5,D000,7.98,411,Hw,13.6,1,,,
D5,D000,7.98,416,Hw,14.7,1,,,
D5,D000,7.98,407,Hw,16.6,1,,55.43608,127.85014
D5,D000,7.98,418,Ba,16.9,2,,,
D5,D000,7.98,409,Ba,24,4,1.5m stub. ,,
D5,D000,7.98,413,Hw,43.7,1,,,
D5,D000,7.98,408,Ba,45.6,1,,,
D5,D000,7.98,415,Hw,54.9,1,,,
D5,D000,7.98,417,Hw,71,1,,,
D5,D100,7.98,421,Hw,37.5,1,,,
D5,D100,7.98,422,Hw,42,4,6m stub. ,,
D5,D100,7.98,420,Hw,68.4,1,,,
D5,D100,7.98,419,Hw,72.9,1,,55.43689,127.8503
D5,D200,7.98,427,Hw,15.5,4,,,
D5,D200,7.98,428,Hw,20.1,2,,,
D5,D200,7.98,425,Ba,23.1,1,,,
D5,D200,7.98,430,Ba,28.2,1,,,
D5,D200,7.98,431,Hw,29,1,,,
D5,D200,7.98,429,Hw,29.7,1,,,
D5,D200,7.98,426,Hw,35.7,1,,,
D5,D200,7.98,424,Ba,35.8,1,,,
D5,D200,7.98,423,Hw,64.8,1,,55.43804,127.85028
D5,D300,7.98,442,Hw,12,1,,,
D5,D300,7.98,440,Ba,12.6,1,,,
D5,D300,7.98,438,Hw,12.8,2,,55.4387,127.85052
D5,D300,7.98,441,Ba,15.5,1,,,
D5,D300,7.98,446,Cw,16.7,1,Leaning tree.  DBH taken at 1.3 m  above ground,,
D5,D300,7.98,447,Hw,19.8,2,,,
D5,D300,7.98,444,Ba,33.7,1,,,
D5,D300,7.98,443,Hw,38.8,1,,,
D5,D300,7.98,448,Hw,52.8,1,,,
D5,D300,7.98,439,Hw,53.8,1,,,
D5,D300,7.98,445,Hw,76.9,1,,,
D5,D400,5.64,451,Hw,28.8,1,,,
D5,D400,5.64,453,Hw,36.7,1,,,
D5,D400,5.64,450,Hw,37.5,4,5.5 m stub. ,,
D5,D400,5.64,452,Ba,49.8,1,,,
D5,D400,5.64,449,Hw,82.8,1,,55.43966,127.85061
D5,E000,7.98,494,Hw,10.2,1,,,
D5,E000,7.98,497,Hw,10.4,1,,,
D5,E000,7.98,483,Hw,10.9,1,,,
D5,E000,7.98,487,Cw,11.3,1,,,
D5,E000,7.98,488,Cw,11.6,1,,,
D5,E000,7.98,485,Cw,12,4,,,
D5,E000,7.98,490,Cw,18.5,1,,,
D5,E000,7.98,495,Sw,20,1,,,
D5,E000,7.98,484,Cw,22.2,4,,,
D5,E000,7.98,496,Sw,27,1,,,
D5,E000,7.98,491,Hw,27.3,1,,,
D5,E000,7.98,482,Cw,30.7,4,,55.43564,127.85116
D5,E000,7.98,492,Cw,36.2,1,,,
D5,E000,7.98,486,Cw,36.5,4,,,
D5,E000,7.98,493,Hw,44.2,1,,,
D5,E000,7.98,489,Hw,71.9,1,,,
D5,E100,7.98,473,Hw,13.5,1,,55.43642,127.85103
D5,E100,7.98,478,Hw,14.2,2,,,
D5,E100,7.98,479,Hw,19,1,,,
D5,E100,7.98,477,Hw,27,1,,,
D5,E100,7.98,476,Hw,29.6,1,,,
D5,E100,7.98,474,Hw,44.6,1,,,
D5,E100,7.98,475,Cw,70.3,1,,,
D5,E100,7.98,480,Hw,71.3,1,,,
D5,E100,7.98,481,Hw,71.9,1,,,
D5,E200,7.98,470,Hw,37.3,1,,55.43737,127.85114
D5,E200,7.98,471,Hw,37.8,1,,,
D5,E200,7.98,472,Hw,63.1,1,,,
D5,E300,5.64,434,Hw,19.9,1,,,
D5,E300,5.64,432,Ba,30.5,1,,55.43826,127.85123
D5,E300,5.64,437,Cw,34.9,1,,,
D5,E300,5.64,433,Hw,49.2,1,,,
D5,E300,5.64,435,Hw,56.1,1,,,
D5,E300,5.64,436,Hw,81.9,1,,,
D5,E400,5.63,454,Hw,13.4,1,,55.43927,127.85132
D5,E400,5.63,456,Hw,14.9,1,,,
D5,E400,5.63,455,Ba,18.2,1,,,
D5,E400,5.63,457,Hw,19.2,1,,,
D5,E400,5.63,458,Ba,21.4,1,,,
D5,F050,7.98,501,Cw,11.5,4,,,
D5,F050,7.98,503,Ba,31.4,1,,,
D5,F050,7.98,499,Hw,40.8,1,,,
D5,F050,7.98,500,Hw,41.4,1,,,
D5,F050,7.98,504,Hw,45.6,1,,,
D5,F050,7.98,502,Hw,61.9,4,,,
D5,F050,7.98,498,Hw,63.2,1,,55.43613,127.85189
D5,F150,5.64,521,Hw,23.9,4,,,
D5,F150,5.64,519,Hw,25,1,,,
D5,F150,5.64,517,Hw,39,1,,55.4371,127.85187
D5,F150,5.64,518,Hw,47.7,1,,,
D5,F150,5.64,522,Hw,51,1,Estimated DBH. ,,
D5,F150,5.64,520,Hw,53.3,1,,,
D5,F250,5.64,465,Ba,27.5,2,,,
D5,F250,5.64,463,Hw,27.9,1,,55.43794,127.85191
D5,F250,5.64,469,Cw,27.9,4," 3.8m stub, no bark. ",,
D5,F250,5.64,466,Hw,28.1,1,,,
D5,F250,5.64,468,Hw,31.9,4,,,
D5,F250,5.64,464,Cw,37.6,1,,,
D5,F250,5.64,467,Hw,65.8,1,,,
D5,F350,11.28,459,Hw,49.4,1,,55.43892,127.85192
D5,F350,11.28,461,Hw,80,1,,,
D5,F350,11.28,460,Hw,87.3,1,,,
D5,F350,11.28,462,Hw,94.5,1,,,
D5,G000,3.99,505,Hw,10.4,1,,55.43574,127.85265
D5,G000,3.99,506,Ba,13.3,1,,,
D5,G000,3.99,508,Hw,22.5,1,,,
D5,G000,3.99,507,Hw,51.5,1,,,
D5,G000,3.99,509,Hw,55.7,1,,,
D5,G100,5.64,516,Ba,18.6,1,,,
D5,G100,5.64,510,Ba,20.6,1,,55.43655,127.85259
D5,G100,5.64,511,Hw,21.2,1,,,
D5,G100,5.64,512,Ba,30.4,1,,,
D5,G100,5.64,513,Ba,33.6,1,,,
D5,G100,5.64,514,Hw,48.5,1,,,
D5,G100,5.64,515,Hw,53.7,1,,,
D5,G200,7.98,525,Ba,20.6,1,,,
D5,G200,7.98,526,Hw,49.9,1,,,
D5,G200,7.98,524,Hw,51.3,1,,,
D5,G200,7.98,523,Hw,52.8,1,,55.43747,127.85255
D5,G300,5.64,544,Hw,17.8,1,,,
D5,G300,5.64,543,Hw,34.5,1,,,
D5,G300,5.64,545,Ba,35.2,1,,,
D5,G300,5.64,541,Ba,37.7,1,,55.43872,127.85284
D5,G300,5.64,542,Ba,43.9,1,,,
D5,H000,7.98,529,Hw,11,4,,,
D5,H000,7.98,535,Hw,13,1,,,
D5,H000,7.98,531,Hw,14.4,1,,,
D5,H000,7.98,528,Hw,18.6,1,,,
D5,H000,7.98,532,Sw,19.9,1,,,
D5,H000,7.98,530,Hw,25.3,1,,,
D5,H000,7.98,534,Hw,35.6,1,,,
D5,H000,7.98,527,Ba,38.8,1,,55.43736,127.85313
D5,H000,7.98,533,Hw,69.3,1,,,
D5,H100,7.98,539,Hw,19.1,1,,,
D5,H100,7.98,537,Hw,32.5,1,,,
D5,H100,7.98,540,Ba,48.9,1,,,
D5,H100,7.98,538,Hw,68.4,1,,,
D5,H100,7.98,536,Hw,76.5,1,,55.4383,127.85367
