Unit,Gd Pt,Plot Size,Tree No,Spp,DBH,Tree Class,Comments
A1,A000,5.64,576,Sx,41.5,1,
A1,A000,5.64,577,Cw,52.2,1,
A1,A000,5.64,578,Sx,14.9,1,
A1,A000,5.64,579,Sx,15.5,1,
A1,A000,5.64,580,Sx,17.1,1,
A1,B050,5.64,564,Ba,21.2,1,
A1,B050,5.64,565,Ba,10.7,1,
A1,B050,5.64,566,Sx,13,1,
A1,B050,5.64,567,Pl,14.9,1,
A1,B050,5.64,568,Bl,18.3,1,
A1,B050,5.64,569,Pl,12.8,1,
A1,B050,5.64,570,Sx,17,1,
A1,B050,5.64,571,Ba,12.7,1,
A1,B050,5.64,572,Pl,15.7,1,
A1,B150,5.64,573,Sx,17.4,1,
A1,B150,5.64,574,At,12.5,1,
A1,B150,5.64,575,Ep,20.5,2,
A1,B150,5.64,575,Sx,24,1,
A1,B150,7.98,999,Ep,75.2,1,
A1,C050,5.64,562,Bl,20.7,1,
A1,C050,5.64,563,Bl,24.9,1,
A1,C150,5.64,557,Sx,14.7,1,
A1,C150,5.64,558,Pl,11.4,1,
A1,C150,5.64,559,Pl,21.6,1,
A1,C150,5.64,560,Bl,10.4,1,
A1,C150,5.64,561,Sx,13.2,1,
A1,C250,5.64,548,Sx,16,1,
A1,C250,5.64,549,Sx,15.9,1,
A1,C250,5.64,550,Sx,21.2,2,
A1,C250,5.64,551,Cw,15.7,1,
A1,C250,5.64,552,Hw,14.4,1,
A1,C250,5.64,553,Sx,12.1,1,
A1,C250,5.64,555,Hw,15.2,1,
A1,D000,5.64,522,Sx,11.3,1,
A1,D000,5.64,523,Cw,11.2,1,
A1,D000,5.64,524,Sx,18.5,1,
A1,D000,5.64,525,Pl,13.2,1,
A1,D000,5.64,526,Sx,13.8,1,
A1,D000,5.64,527,Pl,16.7,1,
A1,D100,5.64,528,Pl,16.9,2,
A1,D100,5.64,529,Pl,15.3,2,
A1,D100,5.64,530,Sx,13.6,1,
A1,D100,5.64,531,Sx,15.4,1,
A1,D100,5.64,532,Sx,24.6,1,
A1,D100,5.64,533,Sx,10.3,1,
A1,D100,5.64,534,Sx,18.9,1,
A1,D100,5.64,535,Sx,17.6,1,
A1,D200,7.98,536,Sx,20,1,
A1,D200,7.98,537,Sx,17.8,1,
A1,D200,7.98,538,Sx,17.3,1,
A1,D200,7.98,539,Sx,23.6,1,
A1,D200,7.98,540,Sx,14.6,1,
A1,D200,7.98,541,Hw,12.2,1,
A1,D200,7.98,542,Sx,12.9,1,
A1,D200,7.98,543,Sx,13.8,1,
A1,D200,7.98,544,Sx,14.4,1,
A1,D200,7.98,545,Sx,18.1,1,
A1,D200,7.98,546,Sx,12.3,1,
A1,D200,7.98,547,Hw,18.7,1,
A1,E000,5.64,79,Sx,10.4,1,
A1,E000,5.64,80,Hw,10.8,1,
A1,E000,5.64,81,Hw,19.1,1,
A1,E000,5.64,82,Hw,21.4,1,
A1,E000,5.64,83,Sx,10.6,1,
A1,E000,5.64,84,Sx,12,1,
A1,E000,5.64,85,Pl,20,4,
A1,E000,5.64,86,Sx,16,1,
A1,E000,5.64,87,Hw,10.2,1,
A1,E000,5.64,88,Sx,13.3,1,
A1,E150,5.64,89,Pl,10.3,1,
A1,E150,5.64,90,Hw,15.1,1,
A1,E150,5.64,91,Sx,10.4,1,
A1,E150,5.64,92,Sx,17.3,1,
A1,E150,5.64,93,Hw,21.5,1,
A1,E150,5.64,94,Hw,19.3,1,
A1,E150,5.64,95,Pl,13.3,1,
A1,E150,5.64,96,Pl,13.4,1,
A1,E150,5.64,97,Pl,10.1,1,
A1,E150,5.64,98,Pl,13.8,1,
A1,E150,5.64,99,Hw,11.5,1,
A1,E150,5.64,100,Sx,15.2,1,
A1,E150,5.64,300,Hw,14.5,1,
A1,E150,5.64,302,Sx,14.4,1,
A1,E150,5.64,303,Sx,20.3,1,
A1,E150,5.64,304,Pl,15,1,
A1,E150,5.64,305,Cw,14.2,1,
A1,E250,5.64,324,Sx,15.6,1,
A1,E250,5.64,325,Pl,10.5,1,
A1,E250,5.64,326,Pl,15.6,1,
A1,E250,5.64,327,Hw,17,1,
A1,E250,5.64,328,Sx,11.5,1,
A1,E250,5.64,329,Hw,15.2,1,
A1,E250,5.64,330,Sx,15.3,1,
A1,E250,5.64,331,Hw,15.2,1,
A1,E250,5.64,332,Pl,11.3,1,
A1,E250,5.64,333,Pl,10.6,1,
A1,E250,5.64,334,Sx,12.5,1,
A1,F050,7.98,68,Sx,12.7,1,
A1,F050,7.98,69,Pl,13,1,
A1,F050,7.98,70,Pl,16.4,1,
A1,F050,7.98,71,Sx,10.5,1,
A1,F050,7.98,72,Sx,15,1,
A1,F050,7.98,73,Sx,17.7,1,
A1,F050,7.98,74,Sx,15.6,1,
A1,F050,7.98,75,Sx,16,1,
A1,F050,7.98,76,Sx,24,1,
A1,F050,7.98,77,Pl,18.8,2,
A1,F050,7.98,78,Hw,11.9,1,
A1,F150,5.64,306,Sx,16.5,1,
A1,F150,5.64,307,Sx,20,1,
A1,F150,5.64,308,Sx,17,1,
A1,F150,5.64,309,Sx,19.3,1,
A1,F300,5.64,320,Hw,13.5,1,
A1,F300,5.64,321,Hw,13.4,1,
A1,F300,5.64,322,Hw,11,1,
A1,F300,5.64,323,Hw,12.7,1,
A1,G050,7.98,37,Sx,17,1,
A1,G050,7.98,38,Sx,16.5,1,
A1,G050,7.98,40,Sx,14.9,1,
A1,G050,7.98,41,Sx,10.5,1,
A1,G150,5.64,63,Sx,13.2,1,
A1,G150,5.64,64,Sx,18.2,1,
A1,G150,5.64,65,Sx,11.9,1,
A1,G150,5.64,66,Sx,11.2,1,
A1,G150,5.64,67,Sx,13.8,1,
A1,G250,5.64,310,Sx,17.2,1,
A1,G250,5.64,311,Sx,18,1,
A1,G250,5.64,312,Sx,16.1,1,
A1,G250,5.64,313,Hw,13.1,1,
A1,G250,5.64,314,Sx,14.5,1,
A1,G250,5.64,315,Hw,14.5,1,
A1,G250,5.64,316,At,12.5,1,
A1,G250,5.64,317,Hw,13.4,1,
A1,G250,5.64,318,Sx,42,1,
A1,G250,5.64,319,Sx,10.05,1,
A1,H100,5.64,39,Hw,10.5,1,
A1,H100,5.64,42,Sx,14.4,1,
A1,H100,5.64,43,Hw,18.7,1,
A1,H100,5.64,44,Sx,11,1,
A1,H100,5.64,45,Sx,10,1,
A1,H100,5.64,46,Sx,16.3,1,
A1,H100,5.64,47,Hw,13.2,1,
A1,H100,5.64,48,Hw,17.6,1,
A1,H100,5.64,49,Sx,10.6,1,
A1,H100,5.64,50,Sx,12.3,1,
A1,H100,5.64,51,Sx,18.4,1,
A1,H100,5.64,52,Sx,17.2,1,
A1,H200,5.64,53,Sx,16,1,
A1,H200,5.64,54,Hw,16.5,1,
A1,H200,5.64,55,Sx,19.4,1,
A1,H200,5.64,56,Sx,10.1,1,
A1,H200,5.64,57,Hw,18.5,1,
A1,H200,5.64,58,Sx,20.7,1,
A1,H200,5.64,59,Cw,15.5,1,
A1,H200,5.64,60,Sx,10,1,
A1,H200,5.64,61,Sx,12.9,1,
A1,H200,5.64,62,Sx,23.9,1,
A2,B050,5.64,558,Cw,32.4,1,
A2,B050,5.64,559,Hw,34.3,1,
A2,B050,5.64,560,Hw,14.3,1,
A2,B050,5.64,561,Cw,19.8,1,
A2,B050,5.64,563,Hw,19.9,1,
A2,B050,5.64,564,Cw,10.7,1,
A2,B050,5.64,565,Hw,10.2,1,
A2,B050,5.64,566,Hw,15.9,1,
A2,B050,5.64,567,Ac,49.4,1,
A2,B050,7.98,999,Hw,51,1,
A2,B150,5.64,579,Hw,12.6,1,
A2,B150,5.64,580,Hw,54.7,1,
A2,B150,5.64,581,Hw,40.8,1,
A2,B150,5.64,582,Hw,10.1,1,
A2,B150,5.64,583,Cw,57,1,
A2,B150,5.64,584,Hw,45.7,1,
A2,B150,7.98,999,Hw,61.8,2,
A2,C100,5.64,585,Cw,26.3,1,
A2,C100,5.64,586,Cw,14.2,1,
A2,C100,5.64,587,Hw,37.9,1,
A2,C100,5.64,588,Hw,20.4,1,
A2,C100,5.64,589,Hw,29.6,1,
A2,C100,5.64,590,Hw,46.5,1,
A2,C100,5.64,591,Ep,18.7,1,
A2,C100,5.64,592,Cw,16.6,1,
A2,C100,7.98,999,Hw,47.4,1,
A2,D050,3.99,600,Hw,20.9,1,
A2,D050,3.99,601,Cw,16.5,1,
A2,D050,3.99,602,Hw,12.2,1,
A2,D050,3.99,603,Sx,17.1,4,
A2,D050,3.99,604,Hw,14.5,1,
A2,D050,3.99,605,Hw,34.3,1,
A2,D050,3.99,606,Hw,18.6,1,
A2,D050,3.99,607,Pl,27,2,
A2,D050,3.99,608,Hw,11.3,1,
A2,D050,3.99,609,Hw,16.9,1,
A2,D050,7.98,999,Hw,41.3,1,
A2,E050,5.64,601,Cw,10.5,1,
A2,E050,5.64,610,Hw,42.3,1,
A2,E050,5.64,611,Hw,11.8,1,
A2,E050,5.64,612,Hw,23.8,1,
A2,E050,5.64,614,Hw,40.6,1,
A2,E050,5.64,615,Hw,42.7,1,
A2,E050,5.64,616,Hw,12.9,1,
A2,E050,5.64,617,Hw,14.4,1,
A2,E050,5.64,618,Cw,12,1,
A2,E200,5.64,619,Hw,,5,
A2,E200,5.64,620,Hw,31.2,1,
A2,E200,5.64,621,Bl,,5,
A2,E200,5.64,622,Cw,67.1,1,
A2,E200,5.64,623,Cw,29.6,1,
A2,E200,5.64,624,Hw,28.2,1,
A2,E200,5.64,625,Bl,29.6,1,
A2,E200,5.64,626,Hw,17.8,1,
A2,E200,5.64,627,Hw,14.6,4,
A2,E200,5.64,628,Pl,25.2,1,
A2,E200,5.64,629,Hw,34.9,1,
A2,E200,5.64,630,Hw,41,1,
A2,F100,3.99,646,Hw,35.2,1,
A2,F100,3.99,647,Hw,15.3,1,
A2,F100,3.99,648,Ep,,5,
A2,F100,3.99,649,Ep,13.3,4,broken at 1.7
A2,F100,3.99,650,Hw,29.3,1,
A2,F100,3.99,651,Hw,15.8,1,
A2,F100,3.99,652,Cw,15.1,1,
A2,F100,3.99,653,Hw,10.9,1,2x
A2,F100,3.99,654,Hw,12.7,3,
A2,F100,7.98,999,Hw,41.9,1,
A2,F100,7.98,999,Hw,44.6,1,
A2,F100,7.98,999,Hw,45.3,1,
A2,F100,7.98,999,Hw,45.5,1,
A2,F250,7.98,631,Hw,17.9,1,
A2,F250,7.98,632,Hw,39.9,1,
A2,F250,7.98,633,Hw,10,1,
A2,F250,7.98,634,Hw,37.3,1,
A2,F250,7.98,635,Hw,39.4,1,
A2,F250,7.98,636,Hw,22.8,1,
A2,F250,7.98,637,Hw,19.3,1,
A2,F250,7.98,638,Hw,49.2,1,
A2,F250,7.98,639,Hw,12.6,4,
A2,F250,7.98,640,Hw,54.6,1,
A2,F250,7.98,641,Cw,40.7,1,
A2,F250,7.98,642,Cw,23.9,1,
A2,F250,7.98,643,Cw,104.3,1,
A2,F250,7.98,644,Hw,18.7,1,
A2,F250,7.98,645,Hw,47.3,1,
A2,G100,3.99,674,Cw,23.6,1,
A2,G100,3.99,675,Hw,11.4,2,
A2,G100,3.99,676,Hw,,5,
A2,G100,3.99,677,Hw,14.1,1,
A2,G100,3.99,678,Cw,31.5,1,
A2,G100,3.99,679,Hw,23.6,1,
A2,G100,3.99,680,Hw,34.2,1,
A2,G250,5.64,681,Hw,22.3,2,
A2,G250,5.64,682,Hw,38.5,2,
A2,G250,5.64,683,Hw,42.8,1,
A2,G250,5.64,684,Hw,14.6,1,
A2,G250,5.64,685,Hw,37.3,1,
A2,G250,5.64,686,Cw,16.3,1,
A2,G250,5.64,687,Sx,,5,
A2,G250,5.64,688,Cw,51.6,1,
A2,G250,5.64,689,Hw,,5,
A2,G250,7.98,999,Hw,56.8,1,
A2,H150,5.64,101,Cw,12.3,1,
A2,H150,5.64,102,Cw,17.2,1,
A2,H150,5.64,103,Hw,42,1,
A2,H150,5.64,104,Hw,13.5,1,
A2,H150,5.64,105,Hw,39.8,1,
A2,H150,5.64,106,Ep,22.7,3,
A2,H150,5.64,107,Hw,28.3,1,
A2,H250,5.64,694,Hw,17.8,1,
A2,H250,5.64,695,Ep,16.1,1,
A2,H250,5.64,696,Hw,,5,
A2,H250,5.64,697,Hw,44.6,1,
A2,H250,5.64,698,Cw,40,1,
A2,H250,5.64,699,Hw,11,4,
A2,H250,5.64,700,Cw,22.7,1,
A2,H250,7.98,999,Hw,43.5,1,
A2,H250,7.98,999,Hw,49.9,1,
A2,H250,7.98,999,Hw,50.3,1,
A2,I050,3.99,123,Hw,,5,
A2,I050,3.99,124,Hw,23.7,1,
A2,I050,3.99,125,Hw,31.4,1,
A2,I050,3.99,126,Hw,11.7,1,
A2,I050,3.99,127,Cw,11,2,
A2,I050,3.99,128,Hw,25,1,
A2,I050,3.99,129,Cw,10.5,1,
A2,I050,3.99,130,Pl,23.4,1,
A2,I050,3.99,131,Pl,,5,
A2,I150,3.99,132,Hw,26.4,1,
A2,I150,3.99,133,Hw,22.5,1,
A2,I150,3.99,134,Hw,22.3,2,
A2,I150,3.99,135,Hw,24.9,1,
A2,I150,3.99,136,Cw,11,1,
A2,I150,3.99,137,Pl,31,4,
A2,I150,3.99,138,Cw,11,1,
A2,I150,3.99,139,Hw,29.3,1,
A2,I150,3.99,140,Hw,23.2,3,
A2,I150,3.99,141,Hw,32.6,1,
A2,I350,5.64,147,Hw,30.9,2,
A2,I350,5.64,148,Hw,25.8,1,
A2,I350,5.64,149,Hw,25.2,1,
A2,I350,5.64,150,Pl,27.2,1,
A2,I350,5.64,151,Hw,51.5,1,
A2,I350,7.98,999,Hw,40,1,
A2,J050,5.64,167,Hw,42.2,1,
A2,J050,5.64,168,Hw,31.4,1,
A2,J050,5.64,169,Hw,20.6,1,
A2,J050,5.64,170,Hw,23.8,1,
A2,J050,5.64,171,Hw,15.1,1,
A2,J050,5.64,172,Hw,29.2,1,
A2,J050,5.64,173,Hw,35.4,1,
A2,J050,5.64,174,Cw,21.1,1,
A2,J050,5.64,175,Cw,21.3,1,
A2,J050,7.98,999,Hw,49.3,1,
A2,J250,3.99,152,Hw,18.8,1,
A2,J250,3.99,153,Hw,30.1,1,
A2,J250,3.99,154,Hw,14.2,3,
A2,J250,3.99,155,Hw,,5,
A2,J250,3.99,156,Ep,15.6,1,
A2,J250,3.99,157,Cw,11.2,1,
A2,J250,3.99,158,Hw,19.3,1,
A2,J250,3.99,159,Hw,25.8,1,
A2,J250,3.99,160,Hw,16.8,1,
A2,K050,7.98,176,Hw,42.3,1,
A2,K050,7.98,177,Cw,14.6,1,
A2,K050,7.98,178,Hw,13.7,1,
A2,K050,7.98,179,Hw,32.6,1,
A2,K050,7.98,180,Hw,32.5,1,
A2,K050,7.98,181,Hw,37.2,1,
A2,K050,7.98,182,Hw,24.1,1,
A2,K050,7.98,183,Hw,25.8,1,
A2,K050,7.98,184,Hw,34.4,1,
A2,K050,7.98,185,Hw,42.9,1,
A2,K050,7.98,186,Pl,19.2,1,
A2,K050,7.98,187,Hw,15.4,1,
A2,L000,3.99,207,Hw,11.5,1,
A2,L000,3.99,208,Hw,21.1,1,
A2,L000,3.99,209,Cw,38.5,1,
A2,L000,3.99,210,Cw,17.7,1,
A2,L000,3.99,211,Cw,27.2,1,
A2,L000,3.99,212,Hw,37.5,1,
A2,L000,7.98,999,Hw,66.9,1,
A2,L000,7.98,999,Cw,83.5,1,
A2,L100,3.99,200,Hw,15.5,1,
A2,L100,3.99,201,Hw,28.7,1,
A2,L100,3.99,202,Pl,23.1,1,
A2,L100,3.99,203,Hw,14.9,1,
A2,L100,3.99,204,Hw,29,1,
A2,L100,3.99,205,Cw,36.6,1,
A2,L100,3.99,206,Pl,40.3,1,
A3,A100,5.64,502,Hw,13.6,1,
A3,A100,5.64,503,Hw,13,1,
A3,A100,5.64,504,Sx,13.3,1,
A3,A100,5.64,505,Sx,15.8,1,
A3,A100,5.64,506,Sx,21.6,1,
A3,A100,5.64,507,Cw,17.5,1,
A3,A100,5.64,508,Sx,20,1,
A3,A100,7.98,999,Ac,58.7,1,
A3,A300,5.64,509,Hw,18,1,
A3,A300,5.64,510,Hw,58.7,1,
A3,A300,5.64,511,Sx,11.1,1,
A3,A300,5.64,512,Hw,16,1,
A3,A300,5.64,513,Sx,17.2,1,
A3,A300,5.64,514,Hw,11.7,1,
A3,A300,5.64,515,Hw,13.5,1,
A3,A300,5.64,516,Hw,19.7,1,
A3,A300,5.64,517,Sx,11.8,1,
A3,A300,5.64,518,Hw,14.5,1,
A3,A300,5.64,519,Sx,12,1,
A3,A300,5.64,520,Sx,15.3,1,
A3,A300,5.64,521,Hw,16.5,1,
A3,A300,5.64,522,Sx,11.2,1,
A3,A300,5.64,523,Sx,16.1,1,
A3,A300,5.64,524,Sx,17.4,1,
A3,A300,5.64,525,Hw,18.8,1,
A3,A300,5.64,526,Sx,25.5,1,
A3,D000,5.64,349,Ep,12.8,1,
A3,D000,5.64,350,Ep,10.6,1,
A3,D200,5.64,362,Pl,10.6,2,
A3,D200,5.64,363,Sx,17.7,1,
A3,D200,5.64,364,Sx,12,1,
A3,D200,5.64,365,Sx,15,1,
A3,D200,5.64,366,Pl,18.6,1,
A3,D200,5.64,367,Pl,23.7,1,
A3,D200,5.64,368,Hw,17,1,
A3,D200,5.64,369,Hw,18,1,
A3,D200,5.64,370,Hw,11.2,1,
A3,D200,5.64,371,Sx,13.1,1,
A3,D200,5.64,372,Sx,19,1,
A3,D200,5.64,373,Sx,19.3,1,
A3,D200,5.64,374,Pl,14.5,1,
A3,D200,5.64,375,Hw,15.5,1,
A3,D350,3.99,376,Sx,15.5,1,
A3,D350,3.99,377,Ep,16.7,1,
A3,D350,3.99,378,Sx,15.2,1,
A3,D350,3.99,379,Ep,16.2,1,
A3,D350,3.99,380,Ep,14.1,1,
A3,E050,5.64,351,Bl,10.6,1,
A3,E050,5.64,352,Pl,12.6,1,
A3,E050,5.64,353,Bl,18.2,1,
A3,E050,5.64,354,Sx,16.4,1,
A3,E050,5.64,355,Hw,15,1,
A3,E050,5.64,356,Pl,17,1,
A3,E050,5.64,357,Sx,13.6,1,
A3,E050,5.64,358,Pl,20.1,1,
A3,E050,5.64,359,Pl,16.6,2,
A3,E050,5.64,360,Hw,13,1,
A3,E050,5.64,361,Sx,13.3,1,
A3,E300,3.99,382,Pl,19,1,
A3,E300,3.99,383,Sx,17.1,1,
A3,E300,3.99,384,Hw,10.5,1,
A3,E300,3.99,385,Sx,10.4,1,
A3,E300,3.99,386,Pl,16.1,1,
A3,E300,3.99,387,Pl,19.9,1,
A3,E300,3.99,388,Pl,13.2,1,
A3,F100,3.99,389,Sx,11,1,
A3,F100,3.99,390,Sx,17.9,1,
A3,F100,3.99,391,Pl,16,1,
A3,F100,3.99,392,Pl,18,1,
A3,F100,3.99,393,Sx,12.2,1,
A3,F100,3.99,394,Pl,14,1,
A3,F100,3.99,395,Pl,14.8,1,
A3,F100,3.99,396,Pl,15.7,4,
A3,F100,3.99,397,Pl,11.9,1,
A3,F100,3.99,398,Sx,18.2,1,
A3,F100,3.99,399,Pl,14.9,1,
A3,F100,3.99,400,Pl,18.1,1,
A3,F100,3.99,550,Pl,15,1,
A3,F100,3.99,551,Sx,13.9,1,
A3,F100,3.99,552,Sx,12.7,1,
A3,F100,3.99,553,Pl,17,1,
A3,G350,5.64,139,Sx,15.1,1,
A3,G350,5.64,140,Sx,10.7,1,
A3,G350,5.64,141,Pl,17.7,1,
A3,G350,5.64,142,Sx,14.7,1,
A3,G350,5.64,143,Sx,12.6,1,
A3,G350,5.64,144,Pl,15.5,1,
A3,G350,5.64,145,Pl,17.8,1,
A3,G350,5.64,146,Pl,18.6,1,
A3,H000,3.99,557,Sx,12.3,1,
A3,H000,3.99,558,Ep,20,1,
A3,H000,3.99,559,Ep,23.1,1,
A3,H000,3.99,560,Pl,11,1,
A3,H000,3.99,561,Pl,11.9,1,
A3,H000,3.99,562,Sx,12,1,
A3,H000,3.99,563,Ep,11.7,1,
A3,H200,5.64,147,Sx,16.5,1,
A3,H200,5.64,148,Hw,23,1,
A3,H200,5.64,149,Pl,11.7,1,
A3,H200,5.64,150,Pl,16.5,1,
A3,H200,5.64,151,Pl,15,1,
A3,H200,5.64,152,Pl,17.4,1,
A3,H200,5.64,153,Pl,15.6,1,
A3,H200,5.64,154,Sx,17.1,1,
A3,H200,5.64,155,Pl,18.8,1,
A3,H200,5.64,156,Pl,16.7,1,
A3,H200,5.64,157,Pl,17.9,1,
A3,H200,5.64,158,Ep,18.8,1,
A3,H200,5.64,159,Hw,17.4,1,
A3,H200,5.64,160,Sx,10.2,1,
A3,I100,5.64,161,Hw,12.3,1,
A3,I100,5.64,162,Hw,18.3,1,
A3,I100,5.64,163,Hw,15.7,1,
A3,I100,5.64,164,Hw,18.9,1,
A3,I100,5.64,165,Cw,11.1,1,
A3,I100,5.64,166,Sx,11.7,1,
A3,I100,5.64,167,Sx,16.1,1,
A3,I100,5.64,168,Pl,13.3,1,
A3,I100,5.64,169,Cw,16.2,1,
A3,I100,5.64,170,Sx,20.1,4,
A3,I350,5.64,126,Sx,12.8,1,
A3,I350,5.64,127,Sx,14.9,1,
A3,I350,5.64,128,Pl,20.7,1,
A3,I350,5.64,129,Pl,12.5,1,
A3,I350,5.64,130,Pl,16.7,1,
A3,I350,5.64,131,Sx,20.4,1,
A3,I350,5.64,132,Pl,13.2,1,
A3,I350,5.64,133,Sx,17.7,1,
A3,I350,5.64,134,Pl,15.4,1,
A3,I350,5.64,135,Sx,16.3,1,
A3,I350,5.64,136,Pl,12.9,1,
A3,I350,5.64,137,Pl,15.2,1,
A3,I350,5.64,138,Hw,16,1,
A3,J050,5.64,111,Sx,12.2,1,
A3,J050,5.64,112,Ep,15,1,
A3,J050,5.64,113,Sx,31,1,
A3,J050,5.64,114,Cw,13.3,1,
A3,J050,5.64,115,Sx,34.1,1,
A3,J050,5.64,116,Sx,12.3,1,
A3,J050,5.64,117,Cw,18.4,1,
A3,J300,5.64,118,Sx,23.5,1,
A3,J300,5.64,119,Cw,15.5,1,
A3,J300,5.64,120,Sx,14,1,
A3,J300,5.64,121,Cw,12.4,1,
A3,J300,5.64,122,Pl,32,1,
A3,J300,5.64,123,Sx,14.6,1,
A3,J300,5.64,124,Pl,16.5,1,
A3,J300,5.64,125,Sx,13.2,1,
A4,C050,3.99,426,Hw,15.3,1,
A4,C050,3.99,427,Hw,29,1,
A4,C050,3.99,428,Hw,31.1,1,
A4,C050,3.99,429,Hw,31.7,1,
A4,C050,3.99,430,Hw,23.3,1,
A4,C050,3.99,431,Hw,30,1,
A4,C050,3.99,432,Pl,25.4,1,
A4,D200,5.64,434,Hw,12.8,1,
A4,D200,5.64,435,Hw,36.7,1,
A4,D200,5.64,436,Hw,13.1,4,
A4,D200,5.64,437,Hw,37.9,1,
A4,D200,5.64,438,Hw,10.6,1,
A4,D200,5.64,439,Hw,10.2,1,
A4,D200,5.64,440,Hw,15.5,1,
A4,D200,7.98,999,Sx,42.2,1,
A4,D400,3.99,441,Hw,34.2,1,
A4,D400,3.99,442,Pl,28.6,4,
A4,D400,3.99,443,Hw,25.3,1,
A4,D400,3.99,444,Hw,23.4,1,
A4,D400,3.99,445,Hw,,5,
A4,D400,3.99,446,Cw,14.6,1,
A4,E000,5.64,468,Cw,35.5,1,
A4,E000,5.64,469,Cw,10.4,1,
A4,E000,5.64,470,Ep,26.1,1,
A4,E000,5.64,471,Bl,17.3,1,
A4,E000,5.64,472,Cw,26,1,
A4,E000,5.64,473,Hw,,5,
A4,E000,5.64,474,Ep,,5,
A4,E000,5.64,475,Cw,47.7,1,
A4,E000,5.64,476,Cw,21,1,
A4,E000,5.64,477,Hw,38.9,1,
A4,E000,7.98,999,Cw,41,1,
A4,E000,7.98,999,Hw,47.9,1,
A4,E150,5.64,108,Hw,10.6,1,
A4,E150,5.64,110,Hw,16.5,1,
A4,E150,5.64,458,Hw,13.9,1,
A4,E150,5.64,459,Hw,33.1,1,
A4,E150,5.64,460,Hw,18.2,1,
A4,E150,5.64,461,Ep,35.5,4,
A4,E150,5.64,462,Cw,43.7,2,
A4,E150,5.64,463,Hw,,5,
A4,E150,5.64,464,Bl,,5,
A4,E150,5.64,465,Hw,,5,
A4,E150,5.64,466,Hw,36.5,1,
A4,E150,5.64,467,Hw,19.3,3,
A4,E150,7.98,999,Cw,57,4,
A4,E150,7.98,999,Cw,92,1,
A4,E350,5.64,107,Cw,34.6,1,New Tag from 479 to 107
A4,E350,5.64,447,Hw,10.9,4,
A4,E350,5.64,448,Cw,10.9,1,
A4,E350,5.64,450,Hw,40.2,1,
A4,E350,5.64,451,Sx,,5,
A4,E350,5.64,452,Ep,21.8,1,
A4,E350,5.64,453,Cw,26.9,1,
A4,E350,5.64,454,Cw,10.7,1,
A4,E350,5.64,455,Cw,47.4,1,
A4,E350,5.64,456,Cw,10.7,1,
A4,E350,7.98,999,Hw,43.7,1,
A4,E350,7.98,999,Hw,46,1,
A4,E350,7.98,999,Hw,47.5,1,
A4,F150,5.64,478,Cw,30.2,1,
A4,F150,5.64,479,Hw,17.9,1,
A4,F150,5.64,480,Sx,,5,
A4,F150,5.64,481,Hw,32.8,1,
A4,F150,5.64,482,Cw,22.7,1,
A4,F150,5.64,483,Hw,12,1,
A4,F150,5.64,484,Bl,,5,
A4,F150,5.64,485,Hw,,5,
A4,F150,5.64,486,Cw,11.2,1,
A4,F150,5.64,487,Hw,21.7,1,
A4,F150,5.64,488,Ep,30.3,1,
A4,F150,7.98,999,Hw,43.8,1,
A4,F150,7.98,999,Hw,53.8,1,
A4,F150,7.98,999,Hw,59,1,
A4,F150,7.98,999,Cw,59.3,1,
A4,F350,3.99,489,Cw,64.6,1,
A4,F350,3.99,490,Hw,12.3,4,
A4,F350,3.99,491,Hw,35.7,1,
A4,F350,3.99,492,Hw,17,4,
A4,F350,3.99,493,Cw,28.9,1,
A4,F350,3.99,494,Hw,20.8,1,
A4,F350,7.98,999,Hw,47.3,1,
A4,F350,7.98,999,Hw,47.3,1,
A4,F350,7.98,999,Hw,57.3,1,
A4,F350,7.98,999,Hw,67.7,1,
A4,G050,5.64,411,Hw,19.1,4,
A4,G050,5.64,412,Hw,57.5,1,
A4,G050,5.64,413,Hw,20.4,1,
A4,G050,5.64,414,Cw,42.2,1,
A4,G050,5.64,415,Hw,55.1,1,
A4,G050,7.98,999,Cw,41,1,
A4,G250,5.64,338,Cw,10.6,1,
A4,G250,5.64,402,Cw,22.1,1,
A4,G250,5.64,403,Hw,19.7,1,
A4,G250,5.64,404,Hw,53.9,1,
A4,G250,5.64,405,Hw,23.3,2,
A4,G250,5.64,406,Hw,,5,
A4,G250,5.64,407,Cw,,5,
A4,G250,5.64,408,Cw,16.8,1,
A4,G250,5.64,409,Cw,23.3,1,
A4,G250,5.64,410,Hw,14.1,1,
A4,G250,7.98,999,Hw,42.2,1,
A4,G450,5.64,401,Cw,34.7,1,
A4,G450,5.64,495,Hw,32.6,1,
A4,G450,5.64,496,Bl,15.8,1,
A4,G450,5.64,497,Hw,33.7,1,
A4,G450,5.64,498,Ep,24.8,1,
A4,G450,5.64,499,Hw,40.5,1,
A4,G450,5.64,500,Hw,39.4,1,
A4,G450,7.98,999,Hw,53.8,1,
A4,H150,3.99,416,Hw,51.4,1,
A4,H150,3.99,417,Cw,57.4,1,
A4,H150,3.99,418,Cw,29.3,1,
A4,H150,3.99,419,Hw,52,1,
A4,H150,3.99,420,Hw,15.9,1,
A4,H150,7.98,999,Hw,46,1,
A4,H150,7.98,999,Cw,55.2,1,
A4,H150,7.98,999,Hw,59.3,1,
A4,H150,7.98,999,Hw,61.2,1,
A4,H150,7.98,999,Cw,82.1,1,
A4,H400,2.52,421,Hw,29.3,1,
A4,H400,2.52,422,Hw,38.8,1,
A4,H400,2.52,423,Hw,16.6,1,
A4,H400,2.52,424,Hw,19.6,2,
A4,H400,2.52,425,Hw,32.1,1,
A4,H400,7.98,999,Sx,55.8,1,
A4,H400,7.98,999,Hw,63.8,1,
A4,I000,5.64,516,Hw,30.4,1,
A4,I000,5.64,517,Cw,66.6,1,
A4,I000,5.64,518,Hw,44.5,1,
A4,I000,5.64,519,Hw,37.8,1,
A4,I000,7.98,999,Hw,41.4,1,
A4,I000,7.98,999,Cw,54,4,
A4,I000,7.98,999,Cw,61.8,1,
A4,I000,7.98,999,Cw,79.2,1,
A4,I200,7.98,510,Cw,35,1,
A4,I200,7.98,511,Cw,37.6,1,
A4,I200,7.98,512,Cw,16.8,4,
A4,I200,7.98,513,Cw,35.8,1,
A4,I200,7.98,514,Cw,20,1,
A4,I200,7.98,515,Hw,55,1,
A4,I350,3.99,501,Cw,33.6,1,
A4,I350,3.99,502,Hw,18.8,1,
A4,I350,3.99,503,Ep,27.7,3,
A4,I350,3.99,504,Cw,29.5,1,
A4,I350,3.99,505,Cw,15.6,1,
A4,I350,3.99,506,Cw,15.2,1,
A4,I350,3.99,507,Cw,27.5,1,
A4,I350,3.99,508,Cw,13,3,
A4,I350,3.99,509,Cw,47,1,
A4,I350,7.98,999,Hw,40.8,1,
A4,I350,7.98,999,Hw,41,1,
A4,I350,7.98,999,Hw,53.5,1,
A4,J100,7.98,520,Hw,38.9,4,
A4,J100,7.98,521,Hw,22.4,1,
A4,J100,7.98,522,Cw,52.3,1,
A4,J100,7.98,523,Hw,60.8,1,
A4,J100,7.98,524,Cw,71,1,
A4,J100,7.98,525,Cw,18.7,2,
A4,J100,7.98,526,Cw,16.2,3,
A4,J100,7.98,527,Hw,17.8,1,
A4,J100,7.98,528,Hw,58.5,1,
A4,J300,3.99,336,Cw,10.2,1,new tree
A4,J300,3.99,337,Hw,10.3,1,new tree
A4,J300,3.99,529,Cw,22.4,1,
A4,J300,3.99,530,Hw,12,4,
A4,J300,3.99,531,Cw,15.4,1,
A4,J300,3.99,532,Ep,25.5,1,
A4,J300,3.99,533,Hw,45.7,1,
A4,J300,3.99,534,Hw,14.5,1,
A4,J300,7.98,999,Hw,44.8,1,
A4,K100,5.64,340,Cw,10.3,1,new tree
A4,K100,5.64,341,Bl,10.1,1,new tree
A4,K100,5.64,341,Bl,10.3,4,no tree tag # in datasheet
A4,K100,5.64,545,Hw,34.6,1,
A4,K100,5.64,546,Hw,12.9,2,
A4,K100,5.64,547,Bl,,5,
A4,K100,5.64,548,Hw,,5,
A4,K100,5.64,549,Hw,11.6,1,
A4,K100,5.64,550,Hw,12.1,1,
A4,K100,5.64,551,Hw,10.2,1,
A4,K100,5.64,552,Cw,35.8,1,
A4,K100,5.64,553,Hw,55,1,
A4,K100,5.64,554,Hw,25.5,1,
A4,K100,5.64,555,Hw,16,1,
A4,K300,5.64,535,Cw,31.1,1,
A4,K300,5.64,536,At,36.2,1,
A4,K300,5.64,537,Cw,41.1,1,
A4,K300,5.64,538,Sx,,5,
A4,K300,5.64,539,Cw,20.9,1,
A4,K300,5.64,540,Cw,23.2,1,
A4,K300,5.64,541,Cw,19.7,1,
A4,K300,5.64,542,Cw,39.8,1,
A4,K300,5.64,543,Cw,29.1,1,
A4,K300,5.64,544,Bl,27.2,1,
A4,K300,7.98,999,Bl,42.7,1,
A4,K300,7.98,999,Bl,47.5,1,
B1,A050,5.64,426,Cw,12,1,
B1,A050,5.64,427,Ep,17.7,4,
B1,A050,5.64,428,Cw,13.3,1,
B1,A050,5.64,429,Cw,14.4,1,
B1,A050,5.64,430,Cw,27.2,1,
B1,A050,5.64,431,Hw,41.2,1,
B1,A050,5.64,432,Cw,16.2,1,
B1,A050,5.64,433,Cw,14.7,1,
B1,A050,5.64,434,Cw,14.7,1,
B1,A050,5.64,435,Hw,43.7,1,
B1,A050,7.98,999,Hw,47.2,1,
B1,A200,3.99,436,Hw,16.7,4,
B1,A200,3.99,437,Hw,36.1,1,
B1,A200,3.99,438,Hw,35,1,
B1,A200,3.99,439,Ep,30.6,1,
B1,A200,3.99,440,Hw,12.2,1,
B1,A200,3.99,441,Cw,54.6,1,
B1,A200,3.99,442,Hw,13.1,1,
B1,A350,3.99,443,Hw,15.4,1,
B1,A350,3.99,444,Hw,38.6,1,
B1,A350,3.99,445,Hw,15.4,2,
B1,A350,3.99,446,Hw,30.6,1,
B1,A350,3.99,447,Hw,11.3,4,
B1,A350,3.99,448,Hw,21.5,1,
B1,A350,3.99,449,Hw,29.6,1,
B1,A350,3.99,450,Hw,33.1,1,
B1,A350,7.98,999,Hw,41,1,
B1,A350,7.98,999,Cw,54.5,1,
B1,B100,3.99,460,Cw,23.1,1,
B1,B100,3.99,461,Hw,36,1,
B1,B100,3.99,462,Hw,24.2,1,
B1,B100,3.99,463,Hw,38.7,1,
B1,B100,7.98,999,Hw,41,1,
B1,B100,7.98,999,Hw,46.1,1,
B1,B300,3.99,451,Cw,15.5,1,
B1,B300,3.99,452,Hw,13,1,
B1,B300,3.99,453,Hw,42.3,1,
B1,B300,3.99,454,At,19.8,4,
B1,B300,3.99,455,Hw,38.4,1,
B1,B300,3.99,456,Hw,23,1,
B1,B300,3.99,457,Cw,15.4,1,
B1,B300,3.99,458,Hw,32.4,4,
B1,B300,3.99,459,Hw,31.5,1,
B1,B300,7.98,999,Hw,42.5,1,
B1,C000,5.64,465,Cw,20.8,1,
B1,C000,5.64,466,Hw,26.7,1,
B1,C000,5.64,467,Cw,23.3,1,
B1,C000,5.64,468,Cw,22,1,
B1,C000,5.64,469,Cw,12.3,4,
B1,C000,5.64,470,Cw,15,2,
B1,C000,5.64,471,Ep,,5,
B1,C000,5.64,472,Sx,49.9,1,
B1,C000,5.64,474,Cw,17.2,1,
B1,C000,5.64,506,Cw,30.9,1,change tag
B1,C000,5.64,511,Hw,34.3,1,change tag
B1,C000,7.98,999,Hw,50,1,
B1,C150,3.99,475,Hw,47.5,1,
B1,C150,3.99,476,Hw,39.8,1,
B1,C150,3.99,477,Ep,22.8,1,
B1,C150,3.99,478,Cw,14.3,1,
B1,C150,3.99,479,Cw,25.7,1,
B1,C150,3.99,480,Cw,23.3,4,
B1,C350,3.99,481,Pl,32.4,1,
B1,C350,3.99,482,Hw,20.6,1,
B1,C350,3.99,483,Hw,34,1,
B1,C350,3.99,484,Hw,,5,
B1,C350,3.99,485,Hw,13.4,1,
B1,C350,3.99,486,Hw,17,1,
B1,C350,3.99,487,Hw,25.5,1,
B1,C350,3.99,488,Hw,,5,
B1,C350,3.99,489,Hw,17.6,1,
B1,D100,3.99,498,Ep,24.1,1,
B1,D100,3.99,499,Cw,15,1,
B1,D100,3.99,500,Cw,10.6,1,
B1,D100,3.99,556,Hw,28.5,1,
B1,D100,3.99,557,Cw,14.6,1,
B1,D100,3.99,558,Cw,13.2,1,
B1,D100,3.99,559,Hw,29.2,1,
B1,D100,3.99,560,Cw,19.7,1,
B1,D100,3.99,561,Cw,28.7,1,
B1,D100,7.98,999,Hw,42.2,1,
B1,D300,3.99,490,Cw,10.6,1,
B1,D300,3.99,491,Cw,20,1,
B1,D300,3.99,492,Hw,35.6,1,
B1,D300,3.99,493,Cw,14.3,1,
B1,D300,3.99,494,Hw,20.5,1,
B1,D300,3.99,495,Hw,21.3,1,
B1,D300,3.99,496,Cw,21.7,1,
B1,D300,3.99,497,Hw,34.3,1,
B1,D300,7.98,999,Hw,44.1,1,
B1,E100,3.99,562,Hw,35.8,1,
B1,E100,3.99,563,Cw,25.7,1,
B1,E100,3.99,564,Cw,23,1,
B1,E100,3.99,565,Cw,22.1,1,
B1,E100,3.99,566,Hw,22.7,1,
B1,E100,3.99,567,Sx,32,1,
B1,E100,3.99,568,Ep,23.2,1,
B1,E100,3.99,569,Ep,28,1,
B1,E100,3.99,570,Sx,21.5,1,
B1,E200,5.64,571,Cw,22,1,
B1,E200,5.64,572,Cw,19.7,1,
B1,E200,5.64,573,Hw,39,1,
B1,E200,5.64,574,Hw,33.9,1,
B1,E200,5.64,575,Hw,19.4,1,
B1,E200,5.64,576,Hw,29,1,
B1,E200,5.64,577,Hw,11,4,
B1,E200,5.64,578,Hw,38.5,1,
B1,E200,5.64,579,Hw,39.2,1,
B1,E200,5.64,580,Cw,10.3,2,
B1,E200,5.64,581,Cw,18.1,1,
B1,E350,5.64,582,Cw,29.8,1,
B1,E350,5.64,583,Cw,14.6,2,
B1,E350,5.64,584,Hw,34,1,
B1,E350,5.64,585,Cw,19.8,1,
B1,E350,5.64,586,Cw,10.4,2,
B1,E350,5.64,587,Cw,23.1,1,
B1,E350,5.64,588,Bl,22.5,4,
B1,E350,5.64,589,Cw,10.5,2,
B1,E350,5.64,590,Ep,31.1,1,
B1,E350,5.64,591,Hw,39.8,1,
B1,E350,5.64,592,Hw,13.5,4,
B1,E350,5.64,593,Pl,29.5,4,
B1,F050,3.99,600,Hw,,5,
B1,F050,3.99,601,Cw,,5,
B1,F050,3.99,602,Cw,,5,
B1,F050,3.99,603,Cw,13.4,2,
B1,F050,3.99,604,Hw,,5,
B1,F050,3.99,605,Cw,,5,
B1,F250,3.99,510,Hw,24.8,1,
B1,F250,3.99,594,Cw,16.3,1,change tag
B1,F250,3.99,596,Ep,,5,
B1,F250,3.99,597,Hw,35.3,1,
B1,F250,3.99,598,Pl,26.1,1,
B1,F250,3.99,599,Cw,34.4,1,
B1,F250,7.98,999,Hw,51.3,1,
B1,G000,5.64,606,Hw,36.5,1,
B1,G000,5.64,608,Hw,33,1,
B1,G000,5.64,609,Cw,11.6,1,
B1,G000,5.64,610,Hw,19.7,1,
B1,G000,5.64,611,Cw,14.8,1,
B1,G000,5.64,612,Hw,13.1,1,
B1,G000,5.64,614,Cw,14,1,
B1,G000,5.64,615,Hw,14.5,2,
B1,G000,5.64,616,Hw,,5,
B1,G000,5.64,617,Cw,15.3,1,
B1,G150,3.99,618,Ep,22,1,
B1,G150,3.99,619,Hw,29.8,1,
B1,G150,3.99,620,Hw,30.3,1,
B1,G150,3.99,621,Cw,12.1,1,
B1,G150,3.99,622,Ep,31.6,1,
B1,G150,3.99,623,Hw,27.1,1,
B1,G150,3.99,624,Hw,20.5,1,
B1,G300,3.99,625,Hw,12.6,4,
B1,G300,3.99,626,Hw,27.3,1,
B1,G300,3.99,627,Hw,33.1,4,
B1,G300,3.99,628,Cw,28.7,1,
B1,G300,3.99,629,Cw,36.9,1,
B1,G300,7.98,999,Hw,45.4,1,
B1,G300,7.98,999,Hw,47.5,1,
B1,H050,5.64,644,Ep,23.8,1,
B1,H050,5.64,645,Ep,,5,
B1,H050,5.64,646,Hw,13,4,
B1,H050,5.64,647,Cw,12.2,1,
B1,H050,5.64,648,Hw,15.2,2,
B1,H050,5.64,649,Sx,33.7,1,
B1,H050,5.64,650,Cw,11.3,1,
B1,H050,5.64,651,Ep,18.5,1,
B1,H050,5.64,652,Cw,13.7,1,
B1,H050,5.64,653,Hw,12.2,1,
B1,H050,5.64,654,Bl,,5,
B1,H050,5.64,655,Hw,14.6,2,
B1,H050,7.98,999,Hw,44,1,
B1,H200,3.99,630,Hw,19,1,
B1,H200,3.99,631,Hw,28.8,1,
B1,H200,3.99,632,Hw,31.1,1,
B1,H200,3.99,633,Hw,25.4,1,
B1,H200,3.99,634,Cw,12.7,4,
B1,H200,3.99,635,Hw,19.6,1,
B1,H200,3.99,636,Hw,12.5,1,
B1,H200,3.99,637,Hw,11.7,3,
B1,H200,3.99,638,Hw,20.6,1,
B1,H200,3.99,639,Sx,11,1,
B1,H200,3.99,640,Hw,22.5,1,
B1,H200,3.99,641,Ep,29.9,1,
B1,H200,3.99,642,Ep,26.9,1,
B1,H200,3.99,643,Hw,16,4,
B2,B000,7.98,1,Ep,14.4,1,
B2,B000,7.98,2,Ac,106.3,1,
B2,B000,7.98,3,Hw,64.6,1,130.8 in 2010 dbh must be a mistake
B2,B000,7.98,4,Hw,27,1,
B2,B000,7.98,5,Hw,56.3,1,
B2,B100,5.64,6,Hw,15.8,1,
B2,B100,5.64,7,Hw,23.2,1,
B2,B100,5.64,8,Hw,21.9,1,
B2,B100,5.64,9,Hw,14,1,
B2,B100,5.64,10,Hw,14.7,1,
B2,B100,5.64,11,Hw,27.4,1,
B2,B100,5.64,12,Hw,33.8,1,
B2,B100,5.64,13,Pl,12.4,1,
B2,B100,5.64,14,Cw,31,1,
B2,B200,7.98,213,Hw,32.2,1,
B2,B200,7.98,214,Hw,,5,
B2,B200,7.98,215,Hw,59,1,
B2,B200,7.98,216,Hw,,5,
B2,B200,7.98,217,Cw,25.1,1,
B2,B200,7.98,218,Hw,18.5,4,
B2,B200,7.98,219,Cw,33.5,1,
B2,C050,3.99,233,Hw,18,1,
B2,C050,3.99,234,Hw,15.5,1,
B2,C050,3.99,235,Hw,14.2,1,
B2,C050,3.99,236,Hw,13.3,1,
B2,C050,3.99,237,Hw,33.9,1,
B2,C050,3.99,238,Hw,34.8,1,
B2,C050,3.99,239,Hw,21.2,1,
B2,C050,3.99,240,Hw,26.3,1,
B2,C050,3.99,241,Hw,17,1,
B2,C050,3.99,242,Hw,18.8,1,
B2,C050,7.98,999,Hw,43.4,1,
B2,C150,11.28,220,Hw,27.9,1,
B2,C150,11.28,221,Hw,46.1,1,
B2,C150,11.28,222,Hw,39.7,1,
B2,C150,11.28,223,Hw,64.7,1,
B2,C150,11.28,224,Hw,19.1,1,
B2,C150,11.28,225,Hw,12.8,1,
B2,C150,11.28,226,Hw,43.6,1,
B2,C150,11.28,227,Hw,39.9,1,
B2,C150,11.28,228,Hw,22.3,1,
B2,C150,11.28,229,Cw,35.5,1,
B2,C150,11.28,230,Cw,12.7,1,
B2,C150,11.28,231,Hw,,5,
B2,C150,11.28,232,Hw,47.1,1,
B2,D000,7.98,243,Cw,29.9,1,
B2,D000,7.98,244,Cw,13.3,1,
B2,D000,7.98,245,Ep,28,1,
B2,D000,7.98,246,Hw,56,1,
B2,D000,7.98,584,Sx,10.8,1,new tree
B2,D100,5.64,247,Hw,43,1,
B2,D100,5.64,248,Hw,17,1,
B2,D100,5.64,249,Ep,25.9,1,
B2,D100,5.64,250,Ep,26.8,4,
B2,D100,5.64,251,Hw,28.7,1,
B2,D100,5.64,252,Hw,,5,
B2,D100,5.64,253,Hw,45,1,
B2,D200,7.98,254,Hw,23.4,1,
B2,D200,7.98,255,Hw,28.7,1,
B2,D200,7.98,256,Hw,36.5,1,
B2,D200,7.98,257,Hw,16.6,1,
B2,D200,7.98,258,Hw,23.2,1,
B2,D200,7.98,259,Cw,13.3,1,
B2,D200,7.98,260,Hw,18.7,1,
B2,D200,7.98,261,Hw,11.1,4,
B2,D200,7.98,262,Hw,47.8,1,
B2,D200,7.98,263,Hw,13.5,1,
B2,D200,7.98,264,Hw,16.7,1,
B2,D200,7.98,265,Hw,16.3,1,
B2,E050,7.98,272,Hw,38.8,1,
B2,E050,7.98,273,Hw,22.9,1,
B2,E050,7.98,274,Hw,27,4,
B2,E050,7.98,275,Hw,30.8,1,
B2,E050,7.98,276,Ep,,5,
B2,E050,7.98,277,Hw,43.1,1,
B2,E150,5.64,266,Hw,19.9,1,
B2,E150,5.64,267,Hw,28.4,4,
B2,E150,5.64,268,Hw,15.5,1,
B2,E150,5.64,269,Hw,14.7,1,
B2,E150,5.64,270,Pl,24.3,1,
B2,E150,5.64,271,Hw,20.4,1,
B2,E150,7.98,999,Hw,61.9,1,
B2,F050,3.99,278,Hw,12.5,1,
B2,F050,3.99,279,Hw,33.4,1,
B2,F050,3.99,280,Hw,19.7,1,
B2,F050,3.99,281,Hw,15.1,1,
B2,F050,3.99,282,Hw,23.9,1,
B2,F050,3.99,283,Hw,37,1,
B2,F050,3.99,284,Hw,26.2,1,
B2,F050,3.99,285,Hw,12.2,1,
B2,F050,3.99,286,Hw,14.1,1,
B2,F050,3.99,287,Hw,17.6,1,
B2,F200,7.98,288,Cw,34,1,
B2,F200,7.98,289,Hw,24.6,1,
B2,F200,7.98,290,Hw,16.8,1,
B2,F200,7.98,291,Hw,12,4,
B2,F200,7.98,292,Hw,14.3,1,
B2,F200,7.98,293,Hw,12.7,1,
B2,F200,7.98,294,Hw,11.4,1,
B2,F200,7.98,295,Cw,43.6,1,
B2,F200,7.98,581,Hw,15.5,1,new tree
B2,F350,5.64,296,Hw,19.5,1,
B2,F350,5.64,297,Hw,38.3,1,
B2,F350,5.64,298,Hw,15.5,1,
B2,F350,5.64,299,Hw,38.6,1,
B2,F350,5.64,300,Cw,23.3,1,
B2,G000,3.99,316,Hw,,5,
B2,G000,3.99,317,Hw,12.1,3,
B2,G000,3.99,318,Hw,22.2,1,
B2,G000,3.99,319,Hw,13.4,4,
B2,G000,3.99,320,Cw,10.4,1,
B2,G000,3.99,321,Hw,20.6,1,
B2,G000,3.99,322,Hw,12.5,4,
B2,G000,3.99,323,Hw,29.9,1,
B2,G000,3.99,324,Hw,13.7,1,
B2,G000,3.99,325,Hw,19.5,1,
B2,G150,7.98,326,Sx,,5,
B2,G250,5.64,329,Hw,33.9,1,
B2,G250,5.64,330,Hw,22.6,1,
B2,G250,5.64,331,Hw,23.1,1,
B2,G250,5.64,332,Hw,19.6,1,
B2,G250,5.64,333,Hw,16.3,1,
B2,G250,5.64,334,Cw,19.8,1,
B2,G250,5.64,335,Hw,42.4,1,
B2,G250,7.98,999,Sx,43.7,1,
B2,G250,7.98,999,Hw,46.9,1,
B2,G350,3.99,301,Hw,10.1,4,
B2,G350,3.99,302,Hw,40.5,1,
B2,G350,3.99,303,Hw,16.4,1,
B2,G350,3.99,304,Hw,,5,
B2,G350,3.99,305,Hw,14.1,1,
B2,G350,3.99,306,Hw,10.3,1,
B2,G350,3.99,307,Hw,15.5,1,
B2,G350,3.99,308,Hw,20.5,1,
B2,G350,3.99,309,Hw,19,1,
B2,G350,3.99,310,Hw,14,3,
B2,G350,3.99,311,Hw,12,4,
B2,G350,3.99,312,Hw,28.9,4,
B2,G350,3.99,313,Hw,30.8,1,
B2,G350,3.99,314,Hw,11.9,1,
B2,G350,3.99,315,Hw,18.8,1,
B2,H050,5.64,416,Hw,29.7,1,
B2,H050,5.64,417,Hw,41.2,1,
B2,H050,5.64,418,Hw,21.7,1,
B2,H050,5.64,419,Hw,44.3,1,
B2,H050,5.64,420,Hw,34.2,1,
B2,H050,5.64,421,Cw,21.6,1,
B2,H050,5.64,422,Hw,62.8,1,
B2,H050,5.64,423,Bl,32.2,4,
B2,H050,5.64,424,Hw,,5,
B2,H050,5.64,425,Hw,,5,
B2,H200,3.99,382,Cw,72.1,1,
B2,H200,3.99,383,Cw,29.8,1,
B2,H200,3.99,384,Cw,11.7,1,
B2,H200,3.99,385,Cw,15.1,1,
B2,H200,3.99,386,Hw,42.8,1,
B2,H200,3.99,387,Hw,43,1,
B2,H200,3.99,388,Sx,37.8,1,
B2,H200,3.99,389,Cw,16.9,1,
B2,H200,7.98,999,Hw,44.5,1,
B2,H200,7.98,999,Hw,53.8,1,
B2,H300,7.98,344,Hw,10.2,1,new tree
B2,H300,7.98,345,Hw,11.5,1,new tree
B2,H300,7.98,346,Sx,11.2,1,new tree
B2,H300,7.98,361,Hw,33.6,1,
B2,H300,7.98,362,Hw,46.5,1,
B2,H300,7.98,363,Cw,13.3,1,
B2,H300,7.98,364,Cw,35.6,1,
B2,H300,7.98,365,Hw,17.3,1,
B2,H300,7.98,366,Hw,61.2,1,
B2,H400,3.99,353,Hw,21.1,1,
B2,H400,3.99,354,Hw,27.5,1,
B2,H400,3.99,355,Hw,23.7,3,
B2,H400,3.99,356,Cw,30.8,1,
B2,H400,3.99,357,Cw,16.8,1,
B2,H400,3.99,358,Hw,16.7,1,
B2,H400,3.99,359,Hw,13.7,1,
B2,H400,3.99,360,Hw,25.3,1,
B2,H400,7.98,999,Hw,40.2,1,
B2,H400,7.98,999,Hw,47,1,
B2,H450,5.64,336,Hw,19.2,2,
B2,H450,5.64,337,Cw,30.9,1,
B2,H450,5.64,338,Bl,18.5,4,
B2,H450,5.64,339,Hw,26.4,1,
B2,H450,5.64,340,Hw,22.1,1,
B2,H450,5.64,341,Bl,,5,
B2,H450,5.64,342,Cw,39.9,1,
B2,H450,7.98,999,Cw,41.4,1,
B2,H450,7.98,999,Hw,46.2,2,
B2,I000,5.64,1,Ep,39.8,1,
B2,I000,5.64,72,Hw,13.6,1,new tag
B2,I000,5.64,73,Hw,18.8,1,new tag
B2,I000,5.64,74,Hw,12,1,new tag
B2,I000,5.64,75,Hw,37.5,1,new tag
B2,I000,5.64,76,Ep,39.9,1,new tag
B2,I000,5.64,77,Hw,12.2,1,new tag
B2,I000,5.64,78,Hw,22.2,1,new tag
B2,I000,5.64,79,Hw,17.3,1,
B2,I000,5.64,79,Hw,33.5,1,new tag
B2,I150,3.99,100,Hw,13.2,1,
B2,I150,3.99,390,Hw,41.9,1,
B2,I150,3.99,391,Cw,24.2,1,
B2,I150,3.99,392,Cw,41.5,1,
B2,I150,3.99,393,Hw,30.7,1,
B2,I150,3.99,394,Hw,47.2,1,
B2,I150,3.99,395,Cw,17.1,1,
B2,I150,3.99,396,Hw,16.9,2,
B2,I150,3.99,397,Cw,39.6,1,
B2,I150,3.99,398,Sx,,5,
B2,I150,7.98,999,Cw,41,1,
B2,I150,7.98,999,Cw,43.2,1,
B2,I300,3.99,367,Hw,43.2,1,
B2,I300,3.99,368,Hw,41,1,
B2,I300,3.99,369,Hw,13.2,1,
B2,I300,3.99,370,Hw,23.2,1,
B2,I300,3.99,371,Hw,18,1,
B2,I300,3.99,372,Hw,23.4,1,
B2,I300,3.99,373,Hw,22.6,1,
B2,I300,3.99,374,Hw,11.8,4,
B2,I300,3.99,375,Hw,17.9,1,
B2,I300,7.98,999,Hw,42.9,1,
B2,I500,5.64,343,Hw,24.6,2,
B2,I500,5.64,344,Sx,43.5,1,
B2,I500,5.64,345,Sx,52.3,1,
B2,I500,5.64,346,Cw,24.8,1,
B2,I500,5.64,347,Cw,31.6,1,
B2,I500,7.98,999,Cw,66.4,1,
B2,J050,5.64,406,Cw,61,1,
B2,J050,5.64,407,Hw,46.3,1,
B2,J050,5.64,408,Hw,57.1,1,
B2,J050,5.64,409,Cw,17.8,1,
B2,J050,5.64,410,Cw,19.6,2,
B2,J050,5.64,412,Hw,20.4,1,
B2,J050,5.64,413,Cw,46,1,
B2,J050,5.64,414,Cw,16.6,1,
B2,J050,5.64,415,Cw,40,1,
B2,J050,7.98,999,Hw,47.5,1,
B2,J150,7.98,98,Cw,12,1,new tree
B2,J150,7.98,399,Hw,,5,
B2,J150,7.98,400,Hw,,5,
B2,J150,7.98,401,Cw,21.2,1,
B2,J150,7.98,402,Hw,24.9,1,
B2,J150,7.98,403,Hw,48.4,1,
B2,J150,7.98,404,Cw,14.6,1,
B2,J150,7.98,405,Hw,40.6,1,
B2,J300,5.64,376,Hw,49.8,1,
B2,J300,5.64,377,Cw,109.7,1,
B2,J300,5.64,378,Bl,16.4,4,
B2,J300,5.64,379,Cw,35,1,
B2,J300,5.64,380,Hw,45,1,
B2,J300,5.64,381,Bl,10.3,4,
B2,J450,7.98,339,Cw,10.6,1,new tree
B2,J450,7.98,348,Hw,38.7,1,
B2,J450,7.98,349,Hw,52.5,1,
B2,J450,7.98,350,Hw,55,1,
B2,J450,7.98,351,Hw,44.2,1,
B2,J450,7.98,352,Hw,69.5,4,
B3,A050,7.98,1,Hw,55.5,1,
B3,A050,7.98,2,Hw,21.9,1,
B3,A050,7.98,3,Hw,35.1,1,
B3,A050,7.98,4,Hw,25.4,1,
B3,A050,7.98,5,Hw,,5,
B3,A050,7.98,6,Hw,11.4,1,
B3,A050,7.98,7,Hw,25.5,1,
B3,A050,7.98,8,Hw,29.8,1,
B3,A050,7.98,9,Hw,30.3,1,
B3,A050,7.98,10,Hw,32.3,1,
B3,A050,7.98,11,Hw,20.4,1,
B3,A050,7.98,12,Hw,13.8,1,
B3,A050,7.98,13,Hw,11.3,1,
B3,A050,7.98,14,Hw,12.7,1,
B3,A050,7.98,15,Hw,20.4,1,
B3,A050,7.98,16,Cw,23.7,1,
B3,A150,5.64,17,Hw,28.7,1,
B3,A150,5.64,18,Hw,36.3,1,
B3,A150,5.64,19,Hw,34,1,
B3,A150,5.64,20,Hw,29,1,
B3,A150,5.64,21,Hw,27,1,
B3,A150,5.64,22,Hw,26.4,1,
B3,A150,5.64,527,Sx,10.8,1,new tree
B3,B050,5.64,32,Hw,26.8,1,
B3,B050,5.64,33,Hw,25.2,1,
B3,B050,5.64,34,Hw,42.9,1,
B3,B050,5.64,35,Hw,27,1,
B3,B050,5.64,36,Bl,13.4,1,
B3,B150,5.64,23,Pl,26.3,1,
B3,B150,5.64,24,Ep,24.6,1,
B3,B150,5.64,25,Hw,23.3,1,
B3,B150,5.64,26,Pl,27,1,
B3,B150,5.64,27,Hw,25,1,
B3,B150,5.64,28,Hw,32.1,1,
B3,B150,5.64,29,Pl,20.5,4,
B3,B150,5.64,30,Cw,15.9,1,
B3,B150,5.64,31,Cw,17.5,1,
B3,C000,3.99,37,Ep,28.9,1,
B3,C000,3.99,38,Cw,12.4,1,
B3,C000,3.99,40,Cw,14.9,1,
B3,C000,3.99,41,Cw,16.2,1,
B3,C000,3.99,42,Cw,18.1,1,
B3,C000,3.99,43,Ep,,5,
B3,C000,3.99,44,Ep,18.2,1,
B3,C000,3.99,45,Ep,17.9,1,
B3,C000,3.99,46,Ep,18.2,1,
B3,C000,3.99,47,Hw,28.2,1,
B3,C000,3.99,48,Cw,12.9,1,
B3,C000,3.99,49,Ep,20.5,1,
B3,C000,3.99,50,Ep,23.3,1,
B3,C000,7.98,999,Hw,42.4,1,
B3,C100,5.64,51,At,23.5,1,
B3,C100,5.64,52,Hw,35.5,1,
B3,C100,5.64,53,Cw,16.9,2,
B3,C100,5.64,54,Cw,16.8,1,
B3,C100,5.64,55,Cw,12.6,1,
B3,C100,5.64,56,Hw,17.1,1,
B3,C100,5.64,57,Hw,28.6,1,
B3,C100,5.64,58,Cw,25.6,1,was taged but not in 2010 dataset
B3,D000,3.99,71,Hw,24.9,1,
B3,D000,3.99,72,Hw,25.6,1,
B3,D000,3.99,73,Hw,15.1,1,
B3,D000,3.99,74,Sx,16.3,4,
B3,D000,3.99,75,Hw,23.3,1,
B3,D000,3.99,76,Cw,29.2,1,
B3,D000,7.98,999,Hw,41.4,1,
B3,D000,7.98,999,Hw,45.9,1,
B3,D150,5.64,64,Ep,33.1,1,
B3,D150,5.64,65,Bl,19.2,1,
B3,D150,5.64,66,Bl,35.3,1,
B3,D150,5.64,67,Hw,23.5,1,
B3,D150,5.64,68,Bl,11.9,4,
B3,D150,5.64,69,Hw,21,1,
B3,D150,5.64,70,Hw,12,1,
B3,D250,7.98,59,At,32.5,1,
B3,D250,7.98,60,Cw,34.6,1,
B3,D250,7.98,61,Cw,46.6,1,
B3,D250,7.98,62,Hw,55.2,1,
B3,D250,7.98,63,Cw,30.2,1,
B3,E050,3.99,77,Cw,27.2,1,
B3,E050,3.99,78,At,,5,
B3,E050,3.99,79,Cw,26.2,1,
B3,E050,3.99,80,Hw,12.3,1,
B3,E050,3.99,81,At,36.2,1,was taged but not in 2010 dataset
B3,E050,7.98,999,At,46.2,1,
B3,E050,7.98,999,Hw,58.9,1,
B3,E150,5.64,82,Hw,15.6,1,
B3,E150,5.64,83,Bl,18.1,4,
B3,E150,5.64,84,Hw,12,1,
B3,E150,5.64,85,Bl,15.1,1,
B3,E150,5.64,87,Hw,19.3,1,
B3,E150,5.64,88,Hw,28.2,1,
B3,E150,5.64,89,Hw,22.4,1,
B3,E250,7.98,554,Hw,12.6,1,new tree
B3,E250,7.98,555,Cw,13,1,new tree
B3,E250,7.98,556,Sx,13.2,1,new tree
B3,E250,7.98,564,Sx,10.2,1,new tree
B3,F000,3.99,107,Cw,11.4,1,
B3,F000,3.99,108,Ep,17,1,
B3,F000,3.99,109,Cw,17.3,4,
B3,F000,3.99,110,Cw,10.8,1,
B3,F000,3.99,111,Cw,15,1,
B3,F000,3.99,112,Cw,16.5,1,
B3,F000,3.99,113,Cw,26.3,1,
B3,F000,3.99,570,Cw,10.3,1,new tree
B3,F000,7.98,999,Hw,46.5,1,
B3,F000,7.98,999,Hw,48.3,1,
B3,F200,7.98,96,Hw,39.4,1,
B3,F200,7.98,97,Hw,34.5,1,
B3,F200,7.98,98,Hw,27.9,1,
B3,F200,7.98,99,Hw,36.4,1,
B3,F200,7.98,100,Hw,37.5,1,
B3,F200,7.98,101,Hw,20.6,1,
B3,F200,7.98,102,Hw,40.4,1,
B3,F200,7.98,103,Hw,40.3,1,
B3,F200,7.98,104,Hw,17.3,1,
B3,F200,7.98,105,Cw,15.6,1,
B3,F200,7.98,106,Cw,42.7,1,
B3,F300,3.99,90,Bl,10.5,4,
B3,F300,3.99,91,At,30.5,4,
B3,F300,3.99,92,Cw,23.5,1,
B3,F300,3.99,93,At,53.2,1,
B3,F300,3.99,94,Hw,35.5,1,
B3,F300,3.99,95,Cw,13.8,1,
B3,G000,5.64,114,At,27.9,1,
B3,G000,5.64,115,Cw,35.1,1,
B3,G000,5.64,116,Hw,45.9,1,
B3,G000,5.64,117,Cw,19.3,1,
B3,G000,5.64,118,Hw,22.8,1,new tree
B3,G000,5.64,119,Hw,10.5,4,
B3,G000,5.64,120,Cw,17,1,
B3,G000,5.64,121,Hw,46.1,1,
B3,G000,5.64,122,Cw,13,1,
B3,G000,5.64,123,At,24.3,1,
B3,G000,5.64,124,Cw,10.4,2,
B3,G000,7.98,999,Hw,44.6,1,
B3,G000,7.98,999,Hw,61,1,
B3,G200,5.64,125,Cw,12,1,
B3,G200,5.64,126,Cw,35.1,1,
B3,G200,5.64,127,Cw,33.3,1,
B3,G200,5.64,128,Cw,11.5,1,
B3,G200,5.64,129,At,21.6,4,
B3,G200,5.64,130,At,35,4,
B3,G200,5.64,131,At,,5,
B3,G200,5.64,565,Cw,10.3,1,new tree
B3,G300,5.64,132,Hw,38.2,1,
B3,G300,5.64,133,Hw,18.6,1,
B3,G300,5.64,134,Hw,26,1,
B3,G300,5.64,135,Hw,13.3,1,
B3,G300,5.64,136,At,29,1,
B3,G300,5.64,137,Hw,27.5,1,
B3,G300,5.64,138,At,24.1,1,
B3,G300,5.64,139,At,32.4,1,
B3,G300,5.64,140,Hw,31.1,1,
B3,G300,5.64,141,Hw,29,1,
B3,H050,7.98,155,At,24.5,4,
B3,H050,7.98,156,Cw,29.2,1,
B3,H050,7.98,157,Sx,18.7,1,
B3,H050,7.98,158,Sx,18.2,1,
B3,H050,7.98,568,Cw,14.5,1,new tree
B3,H050,7.98,569,Hw,14,1,new tree
B3,H100,3.99,150,Cw,35.4,1,
B3,H100,3.99,151,Cw,30,1,
B3,H100,3.99,152,Hw,39.2,1,
B3,H100,3.99,153,Hw,17.3,2,
B3,H100,3.99,154,Hw,34,1,
B3,H100,7.98,999,Hw,43.5,1,
B3,H100,7.98,999,Hw,46,1,
B3,H250,5.64,142,Cw,34.1,1,
B3,H250,5.64,143,Hw,38.4,1,
B3,H250,5.64,144,Hw,18,1,
B3,H250,5.64,145,Cw,33.6,1,
B3,H250,5.64,146,Hw,25.7,1,
B3,H250,5.64,147,Bl,38.3,1,
B3,H250,5.64,148,Hw,30.7,1,
B3,H250,5.64,149,Cw,14.8,1,
B3,I050,7.98,159,Hw,41.1,1,
B3,I050,7.98,161,Cw,19.5,1,
B3,I050,7.98,162,Hw,35.7,1,
B3,I050,7.98,163,Hw,22.6,1,
B3,I050,7.98,164,Cw,23,1,
B3,I050,7.98,165,Hw,12.2,1,
B3,I050,7.98,166,Hw,13.3,1,
B3,I050,7.98,167,Cw,19.2,1,
B3,I050,7.98,168,Cw,28.9,1,
B3,I050,7.98,169,Hw,55,1,
B3,I050,7.98,170,Hw,42,1,
B3,I050,7.98,171,Hw,44,1,
B3,I050,7.98,172,Cw,14.7,1,
B3,I200,7.98,172,Sx,12.7,1,new tree
B3,I200,7.98,173,Hw,,5,
B3,I200,7.98,174,Hw,39.7,1,
B3,I200,7.98,175,Hw,23.4,1,
B3,I200,7.98,176,Hw,43.1,1,
B3,I200,7.98,177,Hw,31.1,1,
B3,I200,7.98,178,Hw,38.6,1,
B3,I200,7.98,179,Cw,20.9,1,
B3,I200,7.98,180,Cw,12.7,1,
B3,I200,7.98,181,Cw,24.8,1,
B3,I200,7.98,182,Pl,30.4,1,
B3,I200,7.98,183,Hw,24.7,1,
B3,I200,7.98,184,Cw,10.9,1,
B3,I200,7.98,185,Cw,24.9,1,
B3,I200,7.98,186,Cw,20.7,1,
B3,I200,7.98,187,Hw,41.8,1,
B3,I300,3.99,188,Cw,14,1,
B3,I300,3.99,189,Hw,26.8,1,
B3,I300,3.99,190,Hw,13.9,1,
B3,I300,3.99,191,Hw,29.1,1,
B3,I300,3.99,192,Hw,40,1,
B3,I300,3.99,193,Pl,21,4,
B3,I300,7.98,999,Hw,51.4,1,
B3,J050,5.64,173,Sx,10.2,1,new tree
B3,J050,5.64,174,Hw,12.5,1,new tree
B3,J050,5.64,217,Cw,19.6,1,
B3,J050,5.64,218,Cw,17.7,1,
B3,J050,5.64,219,Hw,43.2,1,
B3,J050,5.64,220,Sx,16.9,1,
B3,J200,3.99,194,Cw,12.7,1,
B3,J200,3.99,195,Hw,39.7,1,
B3,J200,3.99,196,Cw,12.5,1,
B3,J200,3.99,197,Cw,12.6,1,
B3,J200,3.99,198,Cw,11.3,1,
B3,J200,3.99,199,Hw,36.8,1,
B3,K050,5.64,212,Cw,21.2,1,
B3,K050,5.64,213,Hw,51.2,1,
B3,K050,5.64,214,Cw,12.5,1,
B3,K050,5.64,215,Cw,15.2,1,
B3,K050,5.64,216,Hw,38.9,1,
B3,K250,5.64,171,Hw,11.9,1,new tree
B3,K250,5.64,200,Hw,84.8,1,
B3,K250,5.64,201,Sx,73.8,1,
B3,K250,5.64,202,Hw,11.8,1,
B3,K250,5.64,203,Cw,10.4,1,
B3,K250,5.64,204,Bl,14.1,4,
B3,K250,5.64,205,Cw,39.8,1,
B3,K250,7.98,999,Sx,51.2,1,
B3,K250,7.98,999,Cw,52.6,1,
B3,L000,7.98,206,Hw,35.6,2,
B3,L000,7.98,207,Cw,25.5,4,
B3,L000,7.98,208,Hw,39.5,1,
B3,L000,7.98,209,Cw,12.3,1,
B3,L000,7.98,210,Cw,13.9,1,
B3,L000,7.98,211,Hw,32.2,1,
B3,L150,7.98,No trees,n/a,0,0,no trees 2010-18
B4,B050,3.99,506,Hw,16.4,1,
B4,B050,3.99,507,Pl,10.9,1,
B4,B050,3.99,508,Pl,17.4,1,
B4,B050,3.99,509,Hw,13.2,1,
B4,B050,3.99,510,Pl,13.9,1,
B4,B050,3.99,511,Pl,10.5,1,
B4,B050,3.99,512,Hw,11.3,1,
B4,B050,3.99,513,Pl,10.6,1,
B4,B050,3.99,514,Pl,14,1,
B4,B050,3.99,515,Sx,10.1,1,
B4,B050,3.99,516,Hw,10.3,1,
B4,B050,3.99,517,Pl,12.5,1,
B4,B150,5.64,503,Hw,14.6,1,
B4,B150,5.64,504,Hw,11.9,1,
B4,B150,5.64,505,Pl,16.4,1,
B4,C100,5.64,546,Pl,10,1,plot size not on datasheet p 58
B4,C100,5.64,547,Pl,20.3,1,plot size not on datasheet p 58
B4,C100,5.64,548,Pl,13.9,1,plot size not on datasheet p 58
B4,C100,5.64,549,Pl,16.5,1,plot size not on datasheet p 58
B4,C100,5.64,550,Pl,17.1,1,plot size not on datasheet p 58
B4,C100,5.64,551,Sx,11,1,plot size not on datasheet p 58
B4,C100,5.64,552,Cw,11,1,plot size not on datasheet p 58
B4,C250,5.64,530,Hw,15.5,1,
B4,C250,5.64,531,Ep,11.8,1,
B4,D050,5.64,553,Pl,13.1,1,plot size not on datasheet p 58
B4,D050,5.64,554,Hw,18,1,plot size not on datasheet p 58
B4,D050,5.64,555,Sx,12.8,1,plot size not on datasheet p 58
B4,D050,5.64,556,Sx,12.3,1,plot size not on datasheet p 58
B4,D050,5.64,557,Pl,12.1,1,plot size not on datasheet p 58
B4,D050,5.64,558,Pl,17,1,plot size not on datasheet p 58
B4,D050,5.64,559,Sx,13.8,1,plot size not on datasheet p 58
B4,D050,5.64,560,Sx,14.5,1,plot size not on datasheet p 58
B4,D050,5.64,561,Pl,18.9,1,plot size not on datasheet p 58
B4,D200,5.64,532,Sx,11,1,
B4,D200,5.64,533,Pl,11.5,1,
B4,D200,5.64,534,Sx,10.5,1,
B4,D200,5.64,535,Pl,16.4,1,
B4,D200,5.64,536,Sx,11.7,1,
B4,D200,5.64,537,Sx,15,1,
B4,D200,5.64,538,Pl,12.9,1,
B4,D300,5.64,571,Sx,25.8,1,
B4,D300,5.64,572,Cw,41.1,1,
B4,D300,5.64,573,Pl,15,1,
B4,D300,5.64,574,Pl,12.6,1,
B4,D300,5.64,575,Sx,10.5,1,
B4,E150,3.99,539,Pl,21.7,1,
B4,E150,3.99,540,Pl,16.8,1,
B4,E150,3.99,541,Sx,16,1,
B4,E150,3.99,542,Hw,14.8,1,
B4,E150,3.99,543,Pl,14,1,
B4,E150,3.99,544,Hw,10.8,1,
B4,E150,3.99,545,Sx,11.5,1,
B4,E250,5.64,512,Pl,10,1,
B4,E250,5.64,513,Hw,12.8,1,
B4,E250,5.64,514,Pl,16.8,1,
B4,E250,5.64,515,Pl,10.9,1,
B4,E250,5.64,516,Pl,16.6,1,
B4,E250,5.64,517,Pl,14.8,1,
B4,E250,5.64,518,Pl,13.5,1,
B4,E250,5.64,519,Hw,15.8,1,
B4,E250,5.64,520,Pl,11.9,1,
B4,E250,5.64,521,Hw,16.7,1,
B4,F200,3.99,522,Pl,10.5,1,
B4,F200,3.99,523,Sx,11.1,1,
B4,F200,3.99,524,Hw,11.9,1,
B4,F200,3.99,525,Sx,13.7,1,
B4,F200,3.99,526,Sx,16.5,1,
B4,F200,3.99,527,Cw,15,1,
B4,F300,3.99,194,Pl,11.6,1,
B4,F300,3.99,195,Pl,11.6,1,
B4,F300,3.99,196,Sx,17.3,1,
B4,F300,3.99,197,Hw,15.8,1,
B4,F300,3.99,198,Pl,16.3,1,
B4,F300,3.99,199,Pl,13.5,1,
B4,G100,3.99,528,Hw,11.9,1,
B4,G100,3.99,529,Sx,16.5,1,
B4,G100,3.99,530,Sx,10.8,1,
B4,G100,3.99,531,Sx,12.4,1,
B4,G100,3.99,532,Sx,11.1,1,
B4,G200,5.64,185,Sx,16.1,1,
B4,G200,5.64,186,Sx,19.8,1,
B4,G200,5.64,187,Pl,18.5,1,
B4,G200,5.64,188,Sx,13.1,1,
B4,G200,5.64,189,Sx,13.6,1,
B4,G200,5.64,190,Sx,13.5,1,
B4,G200,5.64,191,Sx,15.4,1,
B4,G200,5.64,192,Pl,12.1,1,
B4,G200,5.64,193,Sx,12.4,1,
B4,G200,7.98,999,Hw,42.3,1,
B4,G300,5.64,585,Pl,12.1,1,
B4,G300,5.64,586,Sx,16.5,1,
B4,G300,5.64,587,Cw,18.5,1,
B4,G300,5.64,588,Hw,17.4,1,
B4,G300,5.64,589,Sx,10.6,1,
B4,G300,5.64,590,Hw,13.9,1,
B4,G300,5.64,592,Pl,10.1,1,
B4,G300,5.64,593,Sx,10.2,1,
B4,G300,5.64,594,Sx,13.2,1,
B4,G300,5.64,595,Sx,12.4,1,
B4,G300,5.64,596,Pl,12.3,1,
B4,G300,5.64,597,Pl,17.6,1,
B4,G300,5.64,598,Sx,15.4,1,
B4,G300,5.64,599,Pl,12.2,1,
B4,H250,5.64,175,Sx,15.7,1,
B4,H250,5.64,176,Sx,13.9,1,
B4,H250,5.64,177,Sx,17,1,
B4,H250,5.64,178,Sx,19.7,1,
B4,H250,5.64,179,Sx,15.5,1,
B4,H250,5.64,180,Cw,15.6,1,
B4,H250,5.64,181,Cw,10.4,1,
B4,H250,5.64,182,Cw,22.2,1,
B4,H250,5.64,183,Sx,13.8,1,
B5,A000,5.64,127,Hw,17.6,1,
B5,A000,5.64,128,Hw,41.2,4,
B5,A000,5.64,129,Hw,66.3,1,
B5,A000,5.64,130,Hw,27.7,1,
B5,A000,5.64,131,At,42.2,1,
B5,A000,7.98,999,Hw,46.6,1,
B5,A000,7.98,999,Cw,102.9,1,
B5,A100,5.64,117,Cw,13.3,1,
B5,A100,5.64,118,Cw,,5,
B5,A100,5.64,119,Hw,49.1,1,
B5,A100,5.64,120,Hw,26.2,1,
B5,A100,5.64,121,Hw,,5,
B5,A100,5.64,122,Cw,36.7,1,
B5,A100,5.64,123,At,33.4,1,
B5,A100,5.64,124,Cw,11.4,1,
B5,A100,5.64,125,Cw,18.3,1,
B5,A100,5.64,126,Hw,,5,
B5,A100,7.98,999,Hw,42.6,1,
B5,A100,7.98,999,Hw,44.2,1,
B5,A100,7.98,999,Ba,47.1,3,
B5,B050,5.64,132,Bl,17,4,
B5,B050,5.64,133,Bl,49.8,1,
B5,B050,5.64,134,Cw,11,1,
B5,B050,5.64,135,Cw,47.3,1,
B5,B050,5.64,136,Cw,15.9,1,
B5,B050,5.64,137,Hw,35.5,1,
B5,B050,5.64,138,Hw,44.5,1,
B5,B050,7.98,999,Hw,40.9,1,
B5,B150,3.99,139,Ep,26.9,1,
B5,B150,3.99,140,Hw,,5,
B5,B150,3.99,141,Ep,,5,
B5,B150,3.99,142,Hw,36.6,1,
B5,B150,3.99,143,Hw,40.5,1,
B5,B150,3.99,144,Hw,40.9,1,
B5,B150,3.99,145,Cw,11.1,1,
B5,B150,7.98,999,Hw,45.3,1,
B5,B150,7.98,999,Hw,45.8,1,
B5,B150,7.98,999,Hw,50,1,
B5,C000,5.64,174,Cw,17.8,1,
B5,C000,5.64,175,Sx,32.2,1,
B5,C000,5.64,176,Hw,18.5,1,
B5,C000,5.64,177,Hw,16.5,1,
B5,C000,5.64,178,Hw,30.2,1,
B5,C000,5.64,179,Hw,28.7,1,
B5,C000,5.64,180,Cw,30,1,
B5,C000,5.64,181,Hw,32.1,1,
B5,C000,7.98,999,Hw,42.6,1,
B5,C150,5.64,163,Ep,,5,
B5,C150,5.64,164,Cw,20.1,1,
B5,C150,5.64,165,Cw,22,1,
B5,C150,5.64,166,Cw,21,1,
B5,C150,5.64,167,Cw,11.8,1,
B5,C150,5.64,168,Ep,30.7,4,
B5,C150,5.64,169,Hw,34.8,1,
B5,C150,5.64,170,Hw,38.7,1,
B5,C150,5.64,171,Cw,19.8,1,
B5,C150,5.64,172,Ep,,5,
B5,C150,5.64,173,Cw,25.1,1,
B5,C150,7.98,999,Hw,49,1,
B5,C150,7.98,999,Hw,52,1,
B5,D050,5.64,182,Hw,40,1,
B5,D050,5.64,183,Cw,14,1,
B5,D050,5.64,184,Cw,25.3,1,
B5,D050,5.64,185,Hw,25.5,2,
B5,D050,5.64,186,Cw,32.5,1,
B5,D050,5.64,187,Cw,15.9,1,
B5,D050,5.64,188,Cw,13.1,1,
B5,D050,5.64,189,Cw,15.4,1,
B5,D050,7.98,999,Hw,44.9,1,
B5,D050,7.98,999,Hw,52.5,1,
B5,D050,7.98,999,Ac,53.8,1,
B5,D150,3.99,190,Cw,13.3,1,
B5,D150,3.99,191,Ep,28.4,1,
B5,D150,3.99,192,Ep,25.5,1,
B5,D150,3.99,193,Ep,24.9,1,
B5,D150,3.99,194,Hw,18.5,1,
B5,D150,3.99,195,Cw,20.2,1,
B5,D150,3.99,196,Hw,51.6,1,
B5,D150,3.99,197,Cw,21.7,1,
B5,D400,3.99,206,Cw,12.1,1,
B5,D400,3.99,207,Cw,13.1,1,
B5,D400,3.99,208,Cw,17.3,1,
B5,D400,3.99,209,Cw,12.7,1,
B5,D400,3.99,210,Cw,18.1,1,
B5,D400,3.99,211,Hw,37.9,1,
B5,D400,3.99,212,Cw,19.4,1,
B5,D400,3.99,213,Cw,19.7,1,
B5,D400,3.99,214,Cw,12.1,1,
B5,D400,3.99,215,Cw,18.6,1,
B5,D400,3.99,600,Cw,10.4,1,new tree
B5,D400,7.98,999,Hw,43.8,1,
B5,D400,7.98,999,Hw,44.2,1,
B5,D400,7.98,999,Hw,44.5,1,
B5,E050,5.64,240,Hw,33.3,1,
B5,E050,5.64,241,Cw,15.6,1,
B5,E050,5.64,242,Hw,48.7,1,
B5,E050,5.64,243,Cw,17.5,1,
B5,E050,5.64,244,Cw,17.1,1,
B5,E050,5.64,245,Hw,48.6,1,
B5,E050,5.64,247,Cw,26.7,1,
B5,E050,7.98,999,Hw,49.2,1,
B5,E300,7.98,222,Hw,18.6,1,
B5,E300,7.98,223,Cw,30.5,1,
B5,E300,7.98,224,Cw,20.5,1,
B5,E300,7.98,225,Hw,26.1,1,
B5,E300,7.98,226,Hw,27.1,1,
B5,E300,7.98,227,Hw,,5,
B5,E300,7.98,228,Cw,23.4,1,
B5,E300,7.98,229,Cw,11.3,1,
B5,E300,7.98,230,Cw,12.4,1,
B5,E300,7.98,231,Cw,11.7,1,
B5,E300,7.98,232,Cw,23.1,4,
B5,E450,5.64,216,Cw,19.5,1,
B5,E450,5.64,217,Cw,23.4,1,
B5,E450,5.64,218,Cw,27.6,1,
B5,E450,5.64,219,Cw,34.4,1,
B5,E450,5.64,220,Cw,12.7,1,
B5,E450,5.64,221,Cw,21.3,1,
B5,E450,7.98,999,Hw,42.9,1,
B5,E450,7.98,999,Hw,45.3,1,
B5,F100,3.99,255,Cw,25,1,
B5,F100,3.99,256,Hw,36.3,1,
B5,F100,3.99,257,Ep,28.3,4,
B5,F100,3.99,258,Hw,10.7,1,
B5,F100,3.99,259,Hw,32.7,1,
B5,F100,3.99,260,Cw,40.9,1,
B5,F100,7.98,999,Hw,41.1,1,
B5,F100,7.98,999,Sx,52.8,1,
B5,F200,5.64,261,Hw,44.4,1,
B5,F200,5.64,262,Cw,16.4,1,
B5,F200,5.64,263,Hw,36.5,1,
B5,F200,5.64,264,Cw,10.4,1,
B5,F200,5.64,265,Hw,41,1,
B5,F200,5.64,266,Cw,24.9,1,
B5,F200,5.64,267,Hw,44.4,1,
B5,F200,5.64,268,Cw,30.4,1,
B5,F200,5.64,269,Cw,13.2,1,
B5,F200,5.64,270,Cw,16.9,1,
B5,F200,5.64,271,Hw,26.7,1,
B5,F200,7.98,999,Hw,41.7,1,
B5,F400,3.99,284,At,,5,
B5,F400,3.99,285,Cw,19.4,1,
B5,F400,3.99,286,Hw,14.7,1,
B5,F400,3.99,287,Cw,32,1,
B5,F400,3.99,288,Cw,25.5,1,
B5,F400,3.99,289,At,23.3,1,
B5,F400,3.99,290,Ep,23.1,1,new tree
B5,F400,7.98,999,At,40.4,1,
B5,F400,7.98,999,Hw,40.9,1,
B5,F400,7.98,999,Sx,46.8,1,
B5,G100,5.64,322,Cw,16.7,1,
B5,G100,5.64,323,Hw,31.8,1,
B5,G100,5.64,324,At,53.3,1,
B5,G100,5.64,325,Hw,17.8,2,
B5,G100,5.64,326,Cw,12.3,1,
B5,G100,5.64,327,Ep,28.9,1,
B5,G100,5.64,328,Cw,37.5,1,
B5,G100,5.64,329,Ep,20.7,1,
B5,G100,5.64,330,Cw,37.8,1,
B5,G100,5.64,331,Cw,18,1,
B5,G300,5.64,300,Hw,20.5,1,
B5,G300,5.64,301,Hw,41.5,1,
B5,G300,5.64,302,Cw,21.1,1,
B5,G300,5.64,303,Hw,29.7,1,
B5,G300,5.64,304,Hw,13.3,1,
B5,G300,5.64,305,Cw,18.9,1,
B5,G300,5.64,306,Hw,24.4,1,
B5,G300,5.64,307,Cw,12.8,1,
B5,G300,7.98,999,Hw,42.5,1,
B5,G400,5.64,292,Hw,47.4,1,
B5,G400,5.64,293,Cw,20.5,1,
B5,G400,5.64,294,Cw,33.2,1,
B5,G400,5.64,295,Cw,27.4,1,
B5,G400,5.64,296,Hw,21.7,1,
B5,G400,5.64,297,Bl,11.9,1,
B5,G400,5.64,298,Cw,20,1,
B5,G400,5.64,299,Ep,26.4,2,
B5,H000,3.99,332,Hw,31.4,1,
B5,H000,3.99,333,Cw,19.1,1,
B5,H000,3.99,334,Cw,21.6,1,
B5,H000,3.99,335,Hw,37.6,1,
B5,H000,3.99,336,Hw,35.9,1,
B5,H000,3.99,337,Hw,26,1,
B5,H000,3.99,338,Hw,31,1,
B5,H000,3.99,339,Cw,12.2,1,
B5,H000,7.98,999,Hw,42.4,1,
B5,H000,7.98,999,Hw,47.9,1,
B5,H200,7.98,346,Cw,,5,
B5,H200,7.98,347,Hw,40.4,1,
B5,H200,7.98,501,Hw,15.1,1,new tree
B5,H200,7.98,502,Ep,16.7,1,new tree
C1,B100,3.99,193,Hw,29,1,
C1,B100,3.99,194,Hw,21.8,1,
C1,B100,3.99,195,Hw,14.5,4,
C1,B100,3.99,196,Hw,11.1,3,
C1,B100,3.99,197,Hw,19.8,3,
C1,B100,3.99,198,Hw,24.8,1,
C1,B100,3.99,199,Hw,23.3,1,
C1,B100,3.99,200,Hw,23.7,1,
C1,B100,3.99,201,Hw,18.1,1,
C1,B100,3.99,202,Ba,,5,
C1,B100,3.99,203,Hw,32.5,1,
C1,B100,7.98,999,Hw,43.4,1,
C1,C000,3.99,187,Ep,,5,
C1,C000,3.99,188,Pl,26.3,1,
C1,C000,3.99,189,Cw,24.2,1,
C1,C000,3.99,190,Hw,40.4,1,
C1,C000,3.99,191,Hw,34.1,1,
C1,C000,3.99,192,Hw,18.6,1,
C1,C000,7.98,999,Hw,42.7,1,
C1,C000,7.98,999,Cw,43.6,1,
C1,C000,7.98,999,Sx,45,1,
C1,D100,5.64,177,Cw,11.6,2,
C1,D100,5.64,178,Sx,35.6,1,
C1,D100,5.64,179,Cw,33.7,1,
C1,D100,5.64,180,Cw,11.8,2,
C1,D100,5.64,181,Hw,,5,
C1,D100,5.64,182,Ba,39.2,4,
C1,D100,5.64,183,Hw,39.2,1,
C1,D100,5.64,184,Sx,52.5,1,
C1,D100,5.64,185,Cw,31.7,1,
C1,D100,5.64,186,Cw,31.2,1,
C1,D100,7.98,999,Cw,40,1,
C1,D100,7.98,999,Cw,40.9,1,
C1,D100,7.98,999,Sx,47.2,1,
C1,D100,7.98,999,Cw,50.8,1,
C1,D100,7.98,999,Cw,58,1,
C1,E050,5.64,161,Hw,,5,
C1,E050,5.64,162,Hw,12.9,1,
C1,E050,5.64,163,Hw,44.7,1,
C1,E050,5.64,164,Hw,16.6,1,
C1,E050,5.64,165,Sx,49.8,1,
C1,E050,5.64,166,Hw,15.7,2,
C1,E050,5.64,167,Hw,11.5,2,
C1,E050,5.64,168,Hw,13.8,4,
C1,E050,5.64,169,Cw,15,1,
C1,E050,7.98,999,Hw,40.3,1,
C1,E050,7.98,999,Hw,52,1,
C1,E200,5.64,170,Hw,14.5,2,
C1,E200,5.64,171,Cw,11.6,1,
C1,E200,5.64,172,Cw,17.1,1,
C1,E200,5.64,173,Cw,39.5,1,
C1,E200,5.64,174,Hw,36.4,1,
C1,E200,5.64,175,Hw,16.4,1,
C1,E200,5.64,176,Cw,35.7,1,
C1,E200,7.98,999,Hw,52,1,
C1,E200,7.98,999,Cw,54.5,1,
C1,F000,5.64,144,Hw,22.7,1,
C1,F000,5.64,145,Hw,30.6,1,
C1,F000,5.64,146,Hw,20.8,4,
C1,F000,5.64,147,Hw,,5,
C1,F000,5.64,148,Hw,32.8,1,
C1,F000,5.64,149,Hw,43.9,1,
C1,F000,5.64,150,Hw,26.6,1,
C1,F000,5.64,151,Cw,13.6,1,
C1,F000,5.64,152,Hw,,5,
C1,F000,5.64,153,Hw,32.7,1,
C1,F150,5.64,135,Hw,32.2,1,
C1,F150,5.64,136,Hw,38.5,1,
C1,F150,5.64,137,Cw,19.7,1,
C1,F150,5.64,138,Hw,26.8,1,
C1,F150,5.64,139,Pl,25.7,2,
C1,F150,5.64,140,Hw,14.2,2,
C1,F150,5.64,141,Hw,37.6,1,
C1,F150,5.64,142,Cw,21.3,1,
C1,F150,5.64,143,Sx,33.1,1,
C1,F350,5.64,131,Hw,26.4,1,
C1,F350,5.64,132,Hw,14.4,1,
C1,F350,5.64,133,Cw,20.7,1,
C1,F350,5.64,134,Pl,26.5,4,
C1,F350,7.98,999,Pl,46.6,1,
C1,F350,7.98,999,Sx,46.9,1,
C1,G050,5.64,102,Cw,111.1,1,
C1,G050,5.64,103,Ac,73.8,1,
C1,G050,5.64,104,Hw,14.2,1,
C1,G050,5.64,105,Hw,11.3,3,
C1,G050,5.64,106,Ac,82.5,1,
C1,G050,5.64,107,Hw,26.6,1,
C1,G050,5.64,108,Hw,,5,
C1,G050,5.64,109,Hw,,5,
C1,G050,7.98,999,Ac,54,1,
C1,G050,7.98,999,Ac,59.3,1,
C1,G050,7.98,999,Ac,77.1,1,
C1,G250,5.64,110,Hw,10.4,1,
C1,G250,5.64,111,Hw,12.4,1,
C1,G250,5.64,112,Cw,26.2,1,
C1,G250,5.64,113,Hw,26.7,1,
C1,G250,5.64,114,Hw,29.9,1,
C1,G250,5.64,115,Cw,40.6,1,
C1,G250,5.64,116,Cw,15.5,1,
C1,G250,5.64,117,Sx,28.8,1,
C1,G250,5.64,118,Hw,20.7,1,
C1,G250,5.64,119,Hw,31.8,1,
C1,G250,5.64,120,Cw,29.8,1,
C1,G250,5.64,121,Sx,17.3,1,
C1,G250,5.64,122,Cw,28.1,1,
C1,G250,5.64,123,Cw,30.4,1,
C1,G400,3.99,124,Cw,34.4,1,
C1,G400,3.99,125,Cw,30.3,1,
C1,G400,3.99,126,Sx,28.5,1,
C1,G400,3.99,127,Hw,19.7,1,
C1,G400,3.99,128,Sx,30.9,1,
C1,G400,3.99,129,Hw,29.5,1,
C1,G400,3.99,130,Cw,11.7,2,
C1,H050,5.64,89,Ba,20.1,4,
C1,H050,5.64,90,Sx,43.3,1,
C1,H050,5.64,91,Hw,34.21,1,
C1,H050,5.64,92,Hw,17.8,2,
C1,H050,5.64,93,Hw,17.5,2,
C1,H050,5.64,94,Cw,19.5,1,
C1,H050,5.64,95,Hw,22.9,1,
C1,H050,5.64,96,Ba,38.9,1,
C1,H050,5.64,97,Hw,10.5,1,
C1,H050,5.64,98,Hw,38.1,1,
C1,H050,5.64,99,Cw,27.9,1,
C1,H050,5.64,100,Ba,18,1,
C1,H050,5.64,101,Hw,15.5,1,
C1,H050,7.98,999,Ba,41.5,1,
C1,H050,7.98,999,Hw,53.5,1,
C1,H200,5.64,81,Hw,16.1,1,
C1,H200,5.64,82,Cw,26.1,1,
C1,H200,5.64,83,Ba,56.4,1,
C1,H200,5.64,84,Sx,51.4,1,
C1,H200,5.64,85,Hw,22.5,1,
C1,H200,5.64,86,Hw,9.9,4,
C1,H200,5.64,87,Cw,46.7,1,
C1,H200,5.64,88,Hw,29.1,1,
C1,H200,7.98,999,Hw,41.3,1,
C1,H350,3.99,70,Sx,,5,
C1,H350,3.99,71,Ep,22.7,1,
C1,H350,3.99,72,Hw,35.5,1,
C1,H350,3.99,73,Hw,19.2,1,
C1,H350,3.99,74,Hw,16.9,3,
C1,H350,3.99,75,Hw,,5,
C1,H350,3.99,76,Hw,15,1,
C1,H350,3.99,77,Sx,30,1,
C1,H350,3.99,78,Hw,26.7,1,
C1,H350,3.99,79,Hw,,5,
C1,H350,3.99,80,Hw,17.3,1,
C1,I100,5.64,48,Hw,34.5,1,
C1,I100,5.64,49,Hw,27,1,
C1,I100,5.64,50,Pl,23,4,
C1,I100,5.64,51,Hw,21,1,
C1,I100,5.64,52,Hw,31.3,1,
C1,I100,5.64,53,Ep,31.8,1,
C1,I100,5.64,54,Cw,10.7,1,
C1,I100,5.64,55,Cw,39.7,1,
C1,I100,5.64,56,Cw,16,1,
C1,I100,5.64,57,Cw,29.5,1,
C1,I100,7.98,999,Hw,43,1,
C1,I100,7.98,999,Hw,69,1,
C1,I250,3.99,58,Cw,25.2,1,
C1,I250,3.99,59,Cw,22.6,1,
C1,I250,3.99,60,Sx,31.5,1,
C1,I250,3.99,61,Cw,15.8,4,
C1,I250,3.99,62,Cw,18.5,2,
C1,I250,3.99,63,Hw,21.2,1,
C1,I250,3.99,64,Hw,14.7,4,
C1,I250,3.99,65,Cw,30.4,2,
C1,I250,3.99,66,Hw,,5,
C1,I250,3.99,67,Sx,19.4,1,
C1,I250,3.99,68,Hw,23.7,1,
C1,I250,3.99,69,Hw,32.8,1,
C1,J000,3.99,42,Cw,14.3,1,
C1,J000,3.99,43,Cw,18.4,1,
C1,J000,3.99,44,Pl,39.5,1,
C1,J000,3.99,45,Hw,31.9,1,
C1,J000,3.99,46,Hw,43.9,1,
C1,J000,3.99,47,Hw,18.8,1,
C1,J000,7.98,999,Hw,47,1,
C1,J000,7.98,999,Hw,49.3,1,
C1,J000,7.98,999,At,50.5,1,
C1,J000,7.98,999,Sx,58,1,
C1,J150,7.98,31,Hw,26.3,1,
C1,J150,7.98,32,Cw,19.9,1,
C1,J150,7.98,33,Ba,,5,
C1,J150,7.98,34,Cw,105.2,1,
C1,J150,7.98,35,Hw,70.2,1,
C1,J150,7.98,36,Hw,69.9,1,
C1,J150,7.98,37,Hw,12.1,3,
C1,J150,7.98,38,Hw,16.2,1,
C1,J150,7.98,39,Sx,35.7,1,
C1,J150,7.98,40,Sx,46,1,
C1,J150,7.98,41,Hw,16,1,
C1,K050,3.99,22,Pl,29.5,1,
C1,K050,3.99,23,Hw,,5,
C1,K050,3.99,24,Hw,25.6,1,
C1,K050,3.99,25,Hw,20.7,1,
C1,K050,3.99,26,Hw,29,1,
C1,K050,3.99,27,Hw,18.1,1,
C1,K050,3.99,28,Hw,23.5,1,
C1,K050,3.99,29,Hw,14.4,4,
C1,K050,3.99,30,Hw,18.9,1,
C1,L050,3.99,15,Hw,31.1,1,
C1,L050,3.99,16,Hw,10.6,2,
C1,L050,3.99,17,Hw,41.8,1,
C1,L050,3.99,18,Hw,28.6,1,
C1,L050,3.99,19,Hw,10.9,4,
C1,L050,3.99,20,Sx,23.6,4,
C1,L050,3.99,21,Pl,22.5,4,
C2,B050,7.98,374,Ep,15,1,
C2,B050,7.98,375,Ac,78.7,1,
C2,B050,7.98,376,Ac,73.4,1,
C2,B050,7.98,377,Cw,20.9,1,
C2,B050,7.98,501,Sx,12.6,1,new tree
C2,B050,7.98,502,Sx,13.8,1,new tree
C2,C150,7.98,503,Hw,10.5,1,new tree
C2,C150,7.98,504,Cw,10.5,1,new tree
C2,C150,7.98,505,Cw,17,1,new tree
C2,C150,7.98,506,Cw,14.4,1,new tree
C2,C150,7.98,507,Cw,10.1,1,new tree
C2,C150,7.98,508,Cw,13,1,new tree
C2,D000,5.64,509,Cw,15.4,1,new tree
C2,D000,5.64,510,Cw,10.6,2,new tree
C2,D000,5.64,511,Cw,15,1,new tree
C2,D000,5.64,512,Cw,10.9,1,new tree
C2,D150,5.64,337,Cw,12.5,4,
C2,D150,5.64,338,Hw,50.3,1,
C2,D150,5.64,339,Cw,32.6,1,
C2,D150,5.64,340,Cw,12.9,1,
C2,D150,5.64,341,Hw,23.1,1,
C2,D150,5.64,342,Cw,31.1,1,
C2,D150,5.64,343,Cw,45.3,1,
C2,E050,5.64,330,Hw,47.7,1,
C2,E050,5.64,331,Hw,15,1,
C2,E050,5.64,332,Cw,12.4,1,
C2,E050,5.64,333,Cw,32.7,1,
C2,E050,5.64,334,Hw,43.9,1,
C2,E050,5.64,335,Cw,23.3,1,
C2,E050,5.64,336,Hw,25.5,1,
C2,E150,7.98,32,Sx,10.4,1,new tree
C2,E150,7.98,33,Sx,13.7,1,new tree
C2,E150,7.98,34,Cw,12.3,1,new tree
C2,E150,7.98,36,Sx,10.3,1,new tree
C2,E150,7.98,329,Sx,,5,
C2,E250,5.64,322,Sx,53.7,1,
C2,E250,5.64,323,Sx,,5,
C2,E250,5.64,324,Hw,28,1,
C2,E250,5.64,325,Hw,34.5,1,
C2,E250,5.64,326,Hw,41.8,1,
C2,E250,5.64,327,Cw,34.1,1,
C2,E250,5.64,328,Sx,50.1,1,
C2,F000,5.64,15,Ep,12.8,1,new tree
C2,F000,5.64,16,Ep,12.7,1,new tree
C2,F000,5.64,17,Hw,10.1,1,new tree
C2,F000,5.64,308,Ac,44.2,1,
C2,F000,5.64,309,Ac,79.6,1,
C2,F000,5.64,310,Cw,51.7,1,
C2,F000,5.64,311,Hw,17.6,1,
C2,F000,5.64,312,Hw,44.4,1,
C2,F000,5.64,313,Hw,,5,
C2,F150,3.99,314,Cw,15.4,1,
C2,F150,3.99,315,Cw,41.3,1,
C2,F150,3.99,316,Hw,14.3,1,
C2,F150,3.99,317,Sx,44.6,1,
C2,F150,3.99,318,Ac,33.3,1,
C2,F150,3.99,319,Cw,30.4,1,
C2,F300,7.98,18,Ep,10.5,1,new tree
C2,F300,7.98,19,Hw,12.1,1,new tree
C2,F300,7.98,20,Sx,13.5,1,new tree
C2,F300,7.98,21,Hw,13.9,1,new tree
C2,F300,7.98,22,Ep,10.3,1,new tree
C2,F300,7.98,23,Ep,12.2,1,new tree
C2,F300,7.98,25,Ep,13.2,1,new tree
C2,F300,7.98,26,Sx,13.4,1,new tree
C2,F300,7.98,27,Sx,11.2,1,new tree
C2,F300,7.98,28,Sx,13.8,1,new tree
C2,F300,7.98,29,Ep,10.9,1,new tree
C2,F300,7.98,30,Sx,14.3,1,new tree
C2,F300,7.98,31,Ep,10.2,1,new tree
C2,F300,7.98,320,Ac,14.2,1,
C2,F300,7.98,321,Sx,18.5,1,
C2,G050,5.64,298,Cw,34.6,1,
C2,G050,5.64,299,Cw,14.6,2,
C2,G050,5.64,300,Ba,38.8,1,
C2,G050,5.64,301,Sx,,5,
C2,G050,5.64,302,Cw,27.2,1,
C2,G050,5.64,303,Ba,21,4,
C2,G050,5.64,304,Cw,29.9,1,
C2,G050,5.64,305,Cw,14.1,1,
C2,G050,5.64,306,Hw,26.6,1,
C2,G050,5.64,307,Hw,16.1,1,
C2,G200,7.98,3,Ac,10.9,1,new tree
C2,G200,7.98,4,Ac,10.8,1,new tree
C2,G200,7.98,5,Cw,11.8,1,new tree
C2,G200,7.98,6,Sx,12.5,1,new tree
C2,G200,7.98,7,Ac,11,1,new tree
C2,G300,5.64,291,Hw,22.6,1,
C2,G300,5.64,292,Cw,23.5,1,
C2,G300,5.64,293,Hw,18.5,1,
C2,G300,5.64,294,Ac,36.4,1,
C2,G300,5.64,295,Hw,19.4,1,
C2,G300,5.64,296,Hw,,5,
C2,G300,5.64,297,Cw,16.1,1,
C2,H000,5.64,275,Hw,25.2,1,
C2,H000,5.64,276,Hw,21.5,1,
C2,H000,5.64,277,Hw,18.9,1,
C2,H000,5.64,278,Hw,39.1,1,
C2,H000,5.64,279,Sx,22.2,3,
C2,H000,5.64,280,Hw,50.2,1,
C2,H100,7.98,1,Sx,10.7,1,
C2,H100,7.98,2,Hw,17.5,1,new tree
C2,H100,7.98,281,Hw,41.1,1,
C2,H250,7.98,282,Sx,,5,
C2,H250,7.98,283,Cw,36.9,1,
C2,H250,7.98,284,Cw,36.1,1,
C2,H250,7.98,285,Ba,55.2,1,
C2,H250,7.98,286,Hw,41.2,1,
C2,H250,7.98,287,Hw,19.2,1,
C2,H250,7.98,288,Hw,41.8,1,
C2,H250,7.98,289,Hw,20.3,1,
C2,H350,5.64,8,Sx,10,1,new tree
C2,H350,5.64,9,Cw,10.2,1,new tree
C2,H350,5.64,290,Cw,40.1,1,
C2,I100,3.99,14,Cw,11.1,1,new tree
C2,I100,3.99,253,Hw,32.9,1,
C2,I100,3.99,254,Hw,27.4,2,
C2,I100,3.99,255,Hw,30.8,1,
C2,I100,3.99,256,Hw,21.8,1,
C2,I100,3.99,257,Hw,26.3,1,
C2,I100,3.99,258,Hw,25.5,1,
C2,I200,3.99,259,Hw,20,1,
C2,I200,3.99,260,Hw,19.2,2,
C2,I200,3.99,261,Hw,35.7,1,
C2,I200,3.99,262,Hw,22.2,1,
C2,I200,3.99,263,Bl,28.5,1,
C2,I200,3.99,264,Hw,18.3,1,
C2,I200,3.99,265,Hw,16.4,1,
C2,I200,3.99,266,Hw,20.5,1,
C2,I300,3.99,267,Hw,15.5,1,
C2,I300,3.99,268,Hw,17.8,1,
C2,I300,3.99,269,Hw,47.2,1,
C2,I300,3.99,270,Hw,21.9,1,
C2,I300,3.99,271,Hw,16.3,1,
C2,I450,3.99,10,Ep,11.8,1,new tree
C2,I450,3.99,11,Ep,12.8,1,new tree
C2,I450,3.99,12,Ep,12.8,1,new tree
C2,I450,3.99,13,Hw,10.1,1,new tree
C2,I450,3.99,272,Sx,16.7,1,
C2,I450,3.99,273,Sx,14.6,1,
C2,I450,3.99,274,Hw,17.4,1,
C2,J200,3.99,106,Hw,14.4,1,new tree
C2,J200,3.99,242,Hw,29,2,
C2,J200,3.99,243,Hw,14.4,2,
C2,J200,3.99,244,Cw,34.8,1,
C2,J200,3.99,245,Hw,26.2,2,
C2,J200,3.99,246,Hw,23.2,3,
C2,J450,7.98,225,Hw,17.1,1,
C2,J450,7.98,226,Hw,29.6,1,
C2,J450,7.98,227,Hw,40.8,1,
C2,J450,7.98,228,Hw,64.2,1,
C2,J450,7.98,229,Hw,15.7,2,
C2,J450,7.98,230,Hw,15,2,
C2,K000,3.99,204,Bl,44.3,4,
C2,K000,3.99,205,Cw,25.7,1,
C2,K000,3.99,206,Sx,52.2,1,
C2,K000,3.99,207,Cw,13.2,1,
C2,K000,3.99,208,Hw,15.7,1,
C2,K000,3.99,209,Sx,,5,
C2,K000,3.99,454,Hw,11.2,1,new tree
C2,K100,5.64,104,Cw,12,1,new tree
C2,K100,5.64,210,Ac,62.8,4,
C2,K100,5.64,211,Hw,12.5,1,
C2,K100,5.64,212,Hw,12.2,1,
C2,K100,5.64,213,Cw,82.3,1,
C2,K100,5.64,214,Hw,12.8,1,
C2,K100,5.64,216,Cw,11.6,1,
C2,K100,5.64,217,Sx,29.9,1,
C2,K100,5.64,218,Bl,13.2,1,
C2,K250,7.98,219,Hw,38.9,1,
C2,K250,7.98,220,Cw,128.7,1,
C2,K250,7.98,221,Hw,34.3,1,
C2,K250,7.98,222,Hw,56.8,4,
C2,K250,7.98,223,Hw,38.3,1,
C2,K250,7.98,224,Hw,61,1,
C2,L000,5.64,101,Sx,15.9,1,new tree
C2,L100,5.64,102,Cw,14,1,new tree
C2,L100,5.64,103,Sx,11.7,1,new tree
C3,A000,5.64,367,Hw,40.1,1,
C3,A000,5.64,368,Hw,,5,
C3,A000,5.64,369,Cw,18.2,1,
C3,A000,5.64,370,Hw,19.9,1,
C3,A000,7.98,999,Hw,57.3,1,
C3,A000,7.98,999,Hw,66.5,1,
C3,A000,7.98,999,Cw,73.1,1,
C3,A000,7.98,999,Hw,77.6,1,
C3,B100,2.52,364,Hw,26.3,1,
C3,B100,2.52,365,Hw,18.3,1,
C3,B100,2.52,366,Sx,24.6,1,
C3,B100,7.98,999,Cw,42,1,
C3,C100,7.98,345,Hw,35.1,1,
C3,C100,7.98,346,Sx,58,1,
C3,C100,7.98,347,Hw,41.5,1,
C3,C100,7.98,348,Hw,13.1,1,
C3,C100,7.98,349,Hw,23.3,1,
C3,C100,7.98,350,Hw,25.3,1,
C3,C100,7.98,351,Hw,14.3,1,
C3,C100,7.98,352,Hw,28.2,1,
C3,C200,5.64,353,Hw,38.2,1,
C3,C200,5.64,354,Hw,31.2,1,
C3,C200,5.64,355,Hw,14.7,1,
C3,C200,5.64,356,Hw,26.2,1,
C3,C200,5.64,357,Hw,14.4,2,
C3,C200,5.64,358,Bl,42.6,1,
C3,C200,5.64,359,Hw,23.2,1,
C3,C200,5.64,360,Hw,26.9,1,
C3,C200,5.64,361,Hw,11.9,1,
C3,C200,5.64,362,Bl,35.2,1,
C3,C200,5.64,363,Hw,13.9,1,
C3,C200,5.64,520,Cw,10.2,1,new tree
C3,C200,7.98,999,Bl,42.8,1,
C3,C200,7.98,999,Hw,48.1,1,
C3,D250,5.64,378,Hw,14.3,1,
C3,D250,5.64,379,Hw,30.2,1,
C3,D250,5.64,380,Bl,,5,
C3,D250,5.64,381,Hw,11,1,
C3,D250,5.64,382,Hw,14.9,1,
C3,D250,5.64,383,Hw,36.1,1,
C3,D250,5.64,384,Hw,13.6,1,
C3,D250,5.64,385,Bl,11.1,4,
C3,D250,5.64,386,Hw,38.6,1,
C3,D250,5.64,387,Hw,29.5,1,
C3,D250,5.64,388,Hw,21.3,1,
C3,D250,5.64,389,Hw,34,1,
C3,D250,5.64,390,Bl,10.2,4,
C3,D250,7.98,999,Hw,46.2,1,
C3,E050,3.99,410,Hw,42.4,1,
C3,E050,3.99,411,Hw,36.1,1,
C3,E050,3.99,412,Hw,43.1,1,
C3,E050,3.99,413,Hw,15.7,3,
C3,E050,3.99,414,Hw,31.4,1,
C3,E050,3.99,415,Hw,27.1,1,
C3,E050,3.99,416,Hw,21.1,1,
C3,E050,7.98,999,Hw,42,1,
C3,E050,7.98,999,Hw,42.5,1,
C3,E150,3.99,404,Hw,16.9,1,
C3,E150,3.99,405,Sx,34.5,1,
C3,E150,3.99,406,Cw,47.8,1,
C3,E150,3.99,407,Hw,19,1,
C3,E150,3.99,408,Hw,12.2,1,
C3,E150,3.99,409,Hw,17.2,1,
C3,E150,7.98,999,Sx,45.1,1,
C3,E150,7.98,999,Sx,47.3,1,
C3,F100,5.64,424,Hw,27.9,1,
C3,F100,5.64,425,Hw,22,1,
C3,F100,5.64,426,Hw,27,1,
C3,F100,5.64,427,Hw,33.9,1,
C3,F100,5.64,428,Hw,28,1,
C3,F100,7.98,999,Hw,49.3,1,
C3,F250,5.64,417,Hw,40.9,1,
C3,F250,5.64,418,Hw,13.4,4,
C3,F250,5.64,420,Hw,32.3,1,
C3,F250,5.64,421,Hw,37.2,1,
C3,F250,5.64,422,Hw,38.7,1,
C3,F250,5.64,423,Hw,39.1,1,
C3,G000,7.98,429,Sx,51.3,1,
C3,G000,7.98,430,Cw,51.5,1,
C3,G000,7.98,431,Hw,22.4,1,
C3,G000,7.98,432,Hw,23.6,1,
C3,G000,7.98,433,Cw,18.9,1,
C3,G000,7.98,435,Hw,16.7,1,
C3,G000,7.98,436,Cw,38.2,1,
C3,G000,7.98,437,Sx,42.3,1,
C3,G000,7.98,438,Cw,12.1,1,
C3,G100,3.99,440,Ba,29.8,1,
C3,G100,3.99,441,Cw,40.1,1,
C3,G100,3.99,442,Cw,10.8,1,
C3,G100,3.99,443,Hw,32.8,1,
C3,G100,3.99,444,Cw,20.6,2,
C3,G100,3.99,445,Hw,66.5,1,
C3,G100,3.99,446,Cw,34,1,
C3,G100,3.99,447,Cw,59.7,1,
C3,G100,7.98,999,Cw,41.3,1,
C3,G100,7.98,999,Ac,44,1,
C3,G100,7.98,999,Hw,45.3,1,
C3,G350,7.98,454,Cw,45.3,1,
C3,G350,7.98,455,Cw,39.5,1,
C3,G350,7.98,456,Hw,14.8,1,
C3,G350,7.98,457,Hw,44.8,1,
C3,G350,7.98,458,Hw,14.2,1,
C3,G350,7.98,459,Hw,20.6,1,
C3,G350,7.98,460,Hw,36.4,1,
C3,G350,7.98,461,Hw,38.1,1,
C3,G350,7.98,462,Hw,18.6,1,
C3,G350,7.98,463,Hw,14.7,1,
C3,G350,7.98,464,Hw,32.6,1,
C3,G350,7.98,465,Hw,39.4,1,
C3,G350,7.98,466,Cw,14.7,1,
C3,G350,7.98,467,Hw,22.6,1,
C3,H000,3.99,487,Hw,27.9,1,
C3,H000,3.99,488,Hw,43.4,1,
C3,H000,3.99,489,Cw,31.2,1,
C3,H000,3.99,490,Cw,28.8,1,
C3,H000,3.99,491,Cw,20.3,1,
C3,H000,3.99,492,Cw,13.9,1,
C3,H000,3.99,493,Cw,11.2,2,
C3,H200,3.99,475,Hw,33.9,1,
C3,H200,3.99,476,Bl,22.1,4,
C3,H200,3.99,477,Cw,12,4,
C3,H200,3.99,478,Bl,41,1,
C3,H200,7.98,999,Sx,62.9,1,
C3,H300,5.64,468,Bl,36.9,1,
C3,H300,5.64,469,Cw,14.3,1,
C3,H300,5.64,470,Bl,41.4,1,
C3,H300,5.64,471,Bl,39.7,1,
C3,H300,5.64,472,Cw,14,1,
C3,H300,5.64,473,Hw,52.8,1,
C3,H300,5.64,474,Cw,25.4,1,
C3,H300,7.98,999,Cw,44.9,1,
C3,I150,5.64,501,Cw,23.4,1,
C3,I150,5.64,502,Hw,15,2,
C3,I150,5.64,503,Hw,51.7,1,
C3,I150,5.64,504,Cw,19.5,1,
C3,I150,5.64,505,Hw,19.5,4,
C3,I150,5.64,506,Hw,,5,
C3,I150,7.98,999,Hw,46.7,1,
C3,I300,3.99,502,Cw,14.7,1,new tree
C3,I300,3.99,507,Hw,40.7,4,
C3,I300,3.99,508,Hw,19.8,4,
C3,I300,3.99,509,Hw,15.3,1,
C3,I300,3.99,510,Hw,62.2,4,
C3,I300,3.99,511,Hw,12.2,1,
C3,I300,3.99,512,Hw,33,2,
C3,I300,3.99,513,Cw,15.8,1,
C3,I300,3.99,514,Cw,44.7,1,
C3,I300,7.98,999,Hw,47.3,1,
C3,I300,7.98,999,Ac,50.7,1,
C3,I300,7.98,999,At,52.2,1,
C3,J250,7.98,515,Cw,15,3,
C3,J250,7.98,516,Cw,34.8,1,
C3,J250,7.98,517,Cw,29.4,1,
C3,J250,7.98,518,Cw,35.8,1,
C3,J250,7.98,519,Hw,54,1,
C3,J250,7.98,520,Hw,40,1,
C3,J250,7.98,521,Hw,17.2,1,
C3,J250,7.98,522,Cw,37,3,
C3,J250,7.98,523,Hw,49.1,1,
C3,K000,7.98,541,Bl,29.2,4,
C3,K000,7.98,542,Hw,33.1,4,
C3,K000,7.98,543,Cw,69.4,1,
C3,K000,7.98,544,Bl,28.2,4,
C3,K000,7.98,545,Cw,77.8,1,
C3,K000,7.98,546,Bl,38.2,4,
C3,K000,7.98,547,Hw,46.7,1,
C3,K000,7.98,548,Cw,46,1,
C3,K100,7.98,530,Hw,51.8,4,
C3,K100,7.98,531,Hw,56,4,
C3,K100,7.98,532,Hw,78,1,
C3,K100,7.98,533,Cw,23.7,1,
C3,K100,7.98,534,Hw,74.1,1,
C3,K100,7.98,535,Hw,21,4,
C3,K100,7.98,536,Sx,66.2,1,
C3,K100,7.98,537,Bl,16,4,
C3,K100,7.98,538,Bl,41.6,4,
C3,K100,7.98,539,Bl,46.8,4,
C3,K100,7.98,540,Bl,19.9,4,
D2,B000,7.98,No trees,n/a,0,0,no trees 2010-18
D2,B100,7.98,No trees,n/a,0,0,no trees 2010-18
D2,B200,7.98,No trees,n/a,0,0,no trees 2010-18
D2,C100,3.99,159,Sx,16.2,1,
D2,C100,3.99,160,Ba,12.2,1,
D2,C100,3.99,170,Pl,15.6,1,
D2,C350,7.98,No trees,n/a,0,0,no trees 2010-18
D2,D000,5.64,154,Hw,15.9,1,
D2,D000,5.64,155,Hw,11.2,1,
D2,D000,5.64,156,Pl,11.2,1,
D2,D000,5.64,157,Sx,13.1,1,
D2,D000,5.64,158,Sx,15.5,1,
D2,D200,3.99,156,Pl,11.5,2,
D2,D200,3.99,157,Sx,13.1,1,
D2,D200,3.99,158,Sx,12.8,1,
D2,D300,7.98,No trees,n/a,0,0,no trees 2010-18
D2,D450,7.98,No trees,n/a,0,0,no trees 2010-18
D2,E000,3.99,133,Sx,11.6,1,
D2,E000,3.99,134,Hw,10.7,1,
D2,E000,3.99,135,Sx,11.1,1,
D2,E000,3.99,136,Pl,11.4,1,
D2,E000,3.99,137,Sx,10,1,
D2,E000,3.99,138,Pl,14.1,1,
D2,E000,3.99,139,Hw,10.9,1,
D2,E100,7.98,No trees,n/a,0,0,no trees 2010-18
D2,E200,3.99,147,Sx,20.5,1,
D2,E200,3.99,148,Sx,16.8,1,
D2,E200,3.99,149,Sx,14.6,1,
D2,E200,3.99,150,Hw,17.4,1,
D2,E200,3.99,151,Hw,13.4,1,
D2,E200,3.99,152,Pl,12.3,2,
D2,E200,3.99,153,Pl,18.5,1,
D2,E200,3.99,154,Sx,12.5,1,
D2,E200,3.99,155,Hw,21.1,1,
D2,E300,5.64,139,Pl,11.3,2,
D2,E300,5.64,140,Hw,12.3,1,
D2,E300,5.64,141,Hw,20.2,1,
D2,E300,5.64,142,Sx,13.6,1,
D2,E300,5.64,143,Sx,14.2,1,
D2,E300,5.64,144,Pl,15.9,1,
D2,E300,5.64,145,Sx,21,1,
D2,E300,5.64,146,Pl,14.5,1,
D2,F050,5.64,140,Pl,13.9,1,
D2,F050,5.64,141,Pl,11.1,1,
D2,F050,5.64,142,Pl,16,1,
D2,F050,5.64,143,Sx,14,1,
D2,F050,5.64,144,Pl,14.2,1,
D2,F050,5.64,145,Pl,12.4,1,
D2,F050,5.64,146,Sx,16.4,1,
D2,F050,5.64,147,Pl,19.1,1,
D2,F050,5.64,148,Pl,14.9,1,
D2,F050,5.64,149,Sx,10.6,1,
D2,F050,5.64,150,Hw,14,1,
D2,F050,5.64,151,Pl,12.4,1,
D2,F050,5.64,152,Pl,13.1,1,
D2,F050,5.64,153,Hw,13.6,1,
D2,F350,5.64,131,Hw,18.7,1,
D2,F350,5.64,132,Hw,10.3,1,
D2,F350,5.64,133,Pl,20,1,
D2,F350,5.64,134,Sx,16.1,1,
D2,F350,5.64,135,Hw,18,1,
D2,F350,5.64,136,Hw,11.3,1,
D2,F350,5.64,137,Pl,14.6,1,
D2,F350,5.64,138,Sx,15.4,1,
D3,A100,5.64,619,Hw,25.5,1,
D3,A100,5.64,620,Cw,55.3,1,
D3,A100,5.64,621,Hw,21.3,1,
D3,A100,5.64,622,Hw,64,1,
D3,A100,5.64,623,Hw,64.8,1,
D3,A100,5.64,624,Hw,35.8,1,
D3,A100,5.64,625,Cw,11.2,1,new tree
D3,A100,7.98,999,Hw,78.3,1,
D3,B100,5.64,614,Ba,,5,
D3,B100,5.64,615,Hw,,5,
D3,B100,5.64,616,Hw,82.3,2,
D3,B100,5.64,617,Hw,,5,
D3,B100,5.64,618,Hw,,5,
D3,B300,7.98,626,Hw,101.8,1,
D3,B300,7.98,627,Hw,34.4,1,
D3,B300,7.98,628,Hw,25.9,1,
D3,B300,7.98,629,Hw,61.9,1,
D3,B300,7.98,630,Hw,75.2,1,
D3,B300,7.98,631,Hw,20.7,1,
D3,B300,7.98,632,Hw,43.9,1,
D3,B300,7.98,633,Hw,18.9,1,
D3,B300,7.98,634,Cw,,5,
D3,B450,5.64,635,Hw,24.8,1,
D3,B450,5.64,636,Hw,44.8,1,
D3,B450,5.64,637,Hw,17.3,1,
D3,B450,5.64,638,Hw,40.6,1,
D3,B450,5.64,639,Hw,70.5,1,
D3,B450,5.64,641,Hw,22,1,
D3,B450,5.64,642,Hw,15.5,1,
D3,B450,5.64,643,Hw,32.7,1,
D3,B450,5.64,644,Hw,10.4,1,
D3,B450,5.64,645,Hw,25,1,
D3,B450,7.98,999,Hw,50.3,1,
D3,B450,7.98,999,Hw,52.1,1,
D3,C000,5.64,579,Hw,14.4,2,
D3,C000,5.64,580,Hw,60.3,1,
D3,C000,5.64,581,Hw,16.1,2,
D3,C000,5.64,582,Hw,22.4,1,
D3,C000,5.64,583,Hw,22.1,1,
D3,C000,5.64,584,Hw,24.3,1,
D3,C000,7.98,999,Hw,55.7,1,
D3,C000,7.98,999,Hw,56,1,
D3,C000,7.98,999,Hw,58.5,1,
D3,C200,7.98,602,Hw,56.4,1,
D3,C200,7.98,603,Cw,18,4,
D3,C200,7.98,604,Hw,72.8,1,
D3,C200,7.98,605,Hw,42.3,4,
D3,C200,7.98,606,Hw,25.1,1,
D3,C200,7.98,607,Hw,67,1,
D3,C200,7.98,608,Hw,25.2,1,
D3,C200,7.98,609,Hw,22.2,1,
D3,C200,7.98,610,Ba,,5,
D3,C200,7.98,611,Hw,11.1,4,
D3,C200,7.98,612,Hw,18.3,1,
D3,C200,7.98,613,Hw,64.2,1,
D3,C350,7.98,674,Hw,,5,
D3,C350,7.98,675,Hw,17.3,1,
D3,C350,7.98,676,Hw,58.8,1,
D3,C350,7.98,677,Cw,64,1,
D3,C350,7.98,678,Hw,23.9,1,
D3,C350,7.98,679,Cw,54.8,1,
D3,C350,7.98,680,Hw,66.1,1,
D3,D200,5.64,596,Hw,45.5,1,
D3,D200,5.64,597,Hw,21.7,1,
D3,D200,5.64,598,Cw,40.9,1,
D3,D200,5.64,599,Hw,52.9,1,
D3,D200,5.64,600,Hw,26.1,1,
D3,D200,5.64,601,Cw,28.1,1,
D3,D200,7.98,999,Cw,44.7,1,
D3,D350,5.64,681,Hw,11.9,2,
D3,D350,5.64,682,Hw,20.1,1,
D3,D350,5.64,683,Hw,11.1,1,
D3,D350,5.64,684,Hw,13.8,1,
D3,D350,5.64,685,Hw,15.5,1,
D3,D350,5.64,686,Hw,18.2,1,
D3,D350,5.64,687,Cw,26.4,1,
D3,D350,5.64,688,Hw,56.3,1,
D3,D350,5.64,689,Hw,13.1,1,
D3,D350,5.64,690,Hw,10.3,1,
D3,D350,5.64,691,Hw,29.8,1,
D3,D350,5.64,692,Hw,11.3,1,
D3,D350,5.64,693,Hw,12.8,1,
D3,D350,5.64,694,Hw,15.5,1,
D3,D350,5.64,695,Hw,29.5,1,
D3,D600,5.64,657,Hw,30.7,1,
D3,D600,5.64,658,Cw,55.4,1,
D3,D600,5.64,659,Hw,51,1,
D3,D600,5.64,660,Cw,72.8,1,
D3,D600,5.64,661,Hw,18.6,1,
D3,D600,5.64,662,Hw,65.9,4,
D3,D600,5.64,663,Hw,47.3,1,
D3,D600,5.64,664,Hw,24.6,4,
D3,D600,7.98,999,Hw,44.9,1,
D3,D600,7.98,999,Hw,61.7,1,
D3,E250,7.98,585,Hw,17.8,1,
D3,E250,7.98,586,Hw,20.4,1,
D3,E250,7.98,587,Hw,71,1,
D3,E250,7.98,588,Hw,19,1,
D3,E250,7.98,589,Cw,45.9,1,
D3,E250,7.98,590,Hw,54.9,1,
D3,E250,7.98,591,Hw,26.8,1,
D3,E250,7.98,592,Hw,18.2,1,
D3,E250,7.98,593,Ba,,5,
D3,E250,7.98,594,Hw,21.1,1,
D3,E250,7.98,595,Hw,57.7,4,
D3,E400,5.64,221,Cw,57.2,1,
D3,E400,5.64,696,Cw,45.6,1,
D3,E400,5.64,697,Hw,54.5,1,
D3,E400,5.64,698,Ba,20,1,
D3,E400,5.64,699,Hw,49.9,1,
D3,E400,5.64,700,Cw,17.4,1,
D3,E400,7.98,999,Cw,41.4,1,
D3,E400,7.98,999,Hw,46.9,1,
D3,E400,7.98,999,Hw,47.4,1,
D3,E400,7.98,999,Cw,48.4,1,
D3,E400,7.98,999,Hw,55.1,1,
D3,E400,7.98,999,Hw,60.7,1,
D3,E650,5.64,665,Hw,59.6,1,
D3,E650,5.64,666,Hw,42.9,4,2.5 stub
D3,E650,5.64,667,Ba,17.4,1,
D3,E650,5.64,668,Hw,12.4,1,
D3,E650,5.64,669,Hw,14.3,1,
D3,E650,5.64,671,Hw,24.8,1,
D3,E650,5.64,672,Hw,18.8,1,
D3,E650,5.64,673,Cw,28.8,1,
D3,E650,7.98,999,Hw,49.4,1,
D3,E650,7.98,999,Hw,61,1,
D3,E650,7.98,999,Hw,76.6,1,
D3,F200,3.99,573,Hw,59.6,1,
D3,F200,3.99,574,Hw,12.4,1,
D3,F200,3.99,575,Ba,35.3,1,
D3,F200,3.99,586,Hw,,5,
D3,F200,3.99,587,Ba,14,1,
D3,F200,3.99,588,Hw,42,1,
D3,F200,7.98,999,Hw,46.8,1,
D3,F200,7.98,999,Hw,47,4,
D3,F200,7.98,999,Hw,50,1,
D3,F200,7.98,999,Hw,54.5,1,
D3,F400,5.64,222,Cw,53.8,1,
D3,F400,5.64,223,Hw,13.1,1,
D3,F400,5.64,224,Hw,25,1,
D3,F400,5.64,225,Cw,12,1,
D3,F400,5.64,226,Hw,22.5,1,
D3,F400,5.64,227,Hw,48.6,1,
D3,F400,5.64,228,Hw,,5,
D3,F400,5.64,229,Hw,11.8,1,
D3,F400,5.64,230,Hw,13.6,1,
D3,F400,5.64,231,Hw,56,1,
D3,F400,7.98,999,Cw,41.3,1,
D3,F400,7.98,999,Hw,63.8,1,
D3,F400,7.98,999,Hw,69.3,1,
D3,F550,5.64,232,Hw,21.5,1,
D3,F550,5.64,233,Hw,63.6,1,
D3,F550,5.64,234,Hw,10.3,1,
D3,F550,5.64,235,Hw,67.1,1,
D3,F550,5.64,236,Hw,29.1,1,
D3,F550,5.64,237,Hw,50.8,1,
D3,F550,5.64,238,Hw,27.5,1,
D3,F550,5.64,239,Hw,18.5,1,
D3,F550,7.98,999,Hw,51.6,1,
D3,F550,7.98,999,Hw,63.5,1,
D3,G000,5.64,555,Hw,10.7,1,
D3,G000,5.64,556,Hw,19.2,1,
D3,G000,5.64,557,Ba,30.3,1,
D3,G000,5.64,558,Hw,33.3,1,
D3,G000,5.64,559,Hw,42.9,1,
D3,G000,5.64,560,Hw,42,1,
D3,G000,5.64,561,Hw,,5,
D3,G000,5.64,562,Hw,14.3,4,
D3,G000,5.64,563,Hw,20.9,4,
D3,G000,5.64,564,Hw,31.4,1,
D3,G000,5.64,565,Hw,23.5,1,
D3,G000,5.64,566,Hw,16,1,
D3,G000,5.64,567,Hw,17.6,1,
D3,G000,5.64,568,Hw,,5,
D3,G000,5.64,569,Hw,28.3,1,
D3,G000,5.64,570,Hw,25,1,
D3,G000,5.64,571,Ba,24.2,1,
D3,G000,5.64,572,Hw,10.4,1,
D3,G150,3.99,246,Cw,31.2,1,
D3,G150,3.99,247,Hw,,5,
D3,G150,3.99,248,Hw,60.4,4,
D3,G150,3.99,249,Hw,,5,
D3,G150,3.99,250,Cw,67.4,1,
D3,G150,3.99,251,Hw,,5,
D3,G150,3.99,252,Cw,53.1,1,
D3,G150,7.98,999,Cw,40.8,1,
D3,G150,7.98,999,Cw,61.5,1,
D3,G150,7.98,999,Cw,65,1,
D3,G300,3.99,240,Cw,51.2,1,
D3,G300,3.99,241,Cw,50.5,1,
D3,G300,3.99,242,Cw,44.8,1,
D3,G300,3.99,243,Hw,32.1,1,
D3,G300,3.99,244,Hw,26.9,1,
D3,G300,7.98,999,Cw,41.3,1,
D3,G300,7.98,999,Cw,41.8,1,
D3,G300,7.98,999,Hw,45.6,1,
D3,G300,7.98,999,Hw,48,1,
D3,G300,7.98,999,Hw,49.3,1,
D3,G300,7.98,999,Cw,51.9,1,
D3,G300,7.98,999,Cw,53.5,1,
D4,A050,5.64,656,Hw,76.3,4,
D4,B050,7.98,649,Hw,13.3,1,
D4,B050,7.98,650,Hw,22.5,1,
D4,B050,7.98,651,Hw,23.2,1,
D4,B050,7.98,652,Hw,45.5,1,
D4,B050,7.98,653,Hw,36.4,1,
D4,B050,7.98,654,Ba,28.3,2,
D4,B050,7.98,655,Cw,112,1,
D4,B150,5.64,666,Cw,65,2,
D4,B150,5.64,667,Hw,21.1,1,
D4,B150,5.64,668,Hw,26.3,1,
D4,B150,5.64,669,Cw,19.1,1,
D4,B150,5.64,670,Cw,17.7,1,
D4,B150,5.64,671,Hw,29,1,
D4,B150,5.64,672,Hw,27.2,3,
D4,B150,5.64,673,Cw,35.5,1,
D4,B150,5.64,674,Cw,34.7,1,
D4,B150,7.98,999,Hw,49.1,1,
D4,B150,7.98,999,Hw,56.4,3,
D4,B150,7.98,999,Hw,72,1,
D4,B250,5.64,657,Hw,11.9,1,
D4,B250,5.64,658,Hw,26.5,1,
D4,B250,5.64,659,Hw,49.3,1,
D4,B250,5.64,660,Hw,32,1,
D4,B250,5.64,661,Hw,15.3,1,
D4,B250,5.64,662,Cw,10.4,4,
D4,B250,5.64,663,Ba,13.5,1,
D4,B250,5.64,664,Hw,11.9,4,
D4,B250,5.64,665,Hw,30.3,1,
D4,B250,7.98,999,Hw,46.4,1,
D4,B250,7.98,999,Hw,69.4,1,
D4,C000,5.64,120,Hw,12.9,1,new tree
D4,C000,5.64,121,Hw,16.5,1,new tree
D4,C000,5.64,122,Hw,21.7,1,new tree
D4,C000,5.64,124,Hw,12.5,2,new tree
D4,C000,7.98,999,Hw,52.6,1,
D4,C000,7.98,999,Hw,82.1,1,
D4,C000,7.98,999,Cw,95.5,1,
D4,C150,5.64,639,Bl,12.5,2,
D4,C150,5.64,640,Hw,14.3,2,
D4,C150,5.64,641,Cw,16.3,1,
D4,C150,5.64,642,Cw,16.5,1,
D4,C150,5.64,643,Hw,23.4,2,
D4,C150,5.64,644,Hw,20.5,1,
D4,C150,5.64,645,Hw,39.6,1,
D4,C150,5.64,646,Hw,55,1,
D4,C150,5.64,647,Cw,15,1,
D4,C150,5.64,648,Bl,12,1,
D4,C250,7.98,630,Hw,52.1,2,
D4,C250,7.98,631,Bl,14,2,
D4,C250,7.98,632,Bl,18.3,1,
D4,C250,7.98,633,Hw,,5,
D4,C250,7.98,634,Hw,,5,
D4,C250,7.98,635,Hw,,5,
D4,C250,7.98,636,Hw,16.8,1,
D4,C250,7.98,637,Hw,,5,
D4,C250,7.98,638,Hw,,5,
D4,C350,5.64,107,Hw,13.3,1,new tree
D4,C350,5.64,108,Sx,14,1,new tree
D4,C350,5.64,109,Hw,11.5,1,new tree
D4,C350,5.64,110,Sx,13.4,1,new tree
D4,C350,5.64,628,Hw,16.4,1,
D4,C350,5.64,629,Sx,16.9,1,
D4,D050,7.98,115,Bl,15.3,1,new tree
D4,D050,7.98,116,Bl,15.8,1,new tree
D4,D050,7.98,117,Cw,13.9,1,new tree
D4,D050,7.98,598,Ba,,5,
D4,D050,7.98,599,Hw,52.9,1,
D4,D050,7.98,600,Hw,17.7,1,
D4,D050,7.98,601,Hw,,5,
D4,D150,7.98,602,Hw,39.1,2,
D4,D150,7.98,603,Cw,45.5,1,
D4,D150,7.98,604,Cw,28.8,1,
D4,D150,7.98,605,Cw,25.6,1,
D4,D150,7.98,606,Cw,16.3,1,
D4,D150,7.98,607,Hw,17.7,3,
D4,D250,7.98,608,Hw,39.7,1,
D4,D250,7.98,609,Hw,35.3,1,
D4,D250,7.98,610,Hw,69.1,1,
D4,D250,7.98,611,Hw,58.2,1,
D4,D350,7.98,106,Hw,10.4,1,new tree
D4,D350,7.98,612,Hw,56.5,1,
D4,D350,7.98,614,Hw,37.5,1,
D4,D350,7.98,615,Hw,32.3,1,
D4,D350,7.98,616,Hw,30.7,1,
D4,D350,7.98,617,Hw,21.7,1,
D4,D350,7.98,618,Hw,23.3,1,
D4,D350,7.98,619,Hw,,5,
D4,D500,5.64,620,Hw,41.4,1,
D4,D500,5.64,621,Hw,27.5,1,
D4,D500,5.64,622,Hw,50.4,1,
D4,D500,5.64,623,Hw,,5,
D4,D500,5.64,624,Hw,17.6,1,
D4,D500,5.64,625,Hw,14.4,1,
D4,D500,5.64,626,Hw,39,1,
D4,D500,5.64,627,Hw,34.9,1,
D4,D500,7.98,999,Hw,42.7,1,
D4,D500,7.98,999,Hw,44.8,1,
D4,D500,7.98,999,Hw,44.9,1,
D4,D500,7.98,999,Hw,58.4,1,
D4,E000,7.98,No trees,n/a,0,0,no trees 2010-18
D4,E100,5.64,111,Hw,11.8,1,new tree
D4,E100,5.64,112,Hw,12.9,1,new tree
D4,E100,5.64,113,Hw,21.9,1,new tree
D4,E100,5.64,114,Bl,10.7,1,new tree
D4,E100,5.64,593,Hw,12,1,
D4,E100,5.64,594,Hw,14.5,1,
D4,E100,5.64,595,Hw,63.5,1,
D4,E100,5.64,596,Hw,79.1,1,
D4,E200,7.98,125,Hw,14.1,1,new tree
D4,E200,7.98,583,Sx,18.9,1,
D4,E200,7.98,584,Sx,16.8,1,
D4,E200,7.98,585,Hw,16.2,1,
D4,E200,7.98,586,Sx,12.2,1,
D4,E200,7.98,587,Cw,15.6,1,
D4,E200,7.98,588,Cw,32.7,1,
D4,E200,7.98,589,Hw,32.7,1,
D4,E200,7.98,590,Hw,24.6,1,
D4,E200,7.98,591,Cw,32.8,1,
D4,E200,7.98,592,Hw,18.5,1,
D4,E300,7.98,129,Hw,10.7,1,new tree
D4,E300,7.98,580,Hw,14.9,1,
D4,E300,7.98,581,Hw,18,1,
D4,E300,7.98,582,Hw,18.1,1,
D4,E400,7.98,101,Sx,22.5,1,new tree
D4,E400,7.98,102,Hw,11,1,new tree
D4,E400,7.98,103,Sx,18.9,1,new tree
D4,E400,7.98,104,Sx,11.2,1,new tree
D4,E400,7.98,105,Sx,10.2,1,new tree
D4,E400,7.98,579,Hw,34.6,1,
D4,E500,7.98,571,Hw,49.2,1,
D4,E500,7.98,572,Hw,25.7,1,
D4,E500,7.98,573,Hw,36.4,1,
D4,E500,7.98,574,Hw,19.3,2,
D4,E500,7.98,575,Hw,17.9,1,
D4,E500,7.98,576,Hw,19.6,1,
D4,E500,7.98,577,Hw,,5,
D4,E500,7.98,578,Hw,55.2,3,
D4,E600,7.98,No trees,n/a,0,0,
D4,F050,7.98,544,Hw,22.5,1,
D4,F050,7.98,545,Hw,45.4,1,
D4,F050,7.98,546,Hw,82,1,
D4,F050,7.98,547,Hw,53,1,
D4,F050,7.98,548,Hw,20.7,4,
D4,F050,7.98,549,Hw,35.3,1,
D4,F050,7.98,550,Hw,21.5,1,
D4,F150,7.98,551,Hw,34.3,1,
D4,F150,7.98,552,Hw,33.3,1,
D4,F150,7.98,553,Hw,16.1,4,
D4,F150,7.98,554,Cw,18.4,1,
D4,F150,7.98,555,Hw,60.6,1,
D4,F150,7.98,556,Hw,57.4,1,
D4,F150,7.98,557,Cw,13.3,1,
D4,F150,7.98,558,Hw,30.8,1,
D4,F250,7.98,171,Hw,14.5,1,new tree
D4,F250,7.98,172,Hw,11,1,new tree
D4,F250,7.98,173,Hw,10.1,1,new tree
D4,F250,7.98,559,Hw,62.1,2,
D4,F250,7.98,560,Hw,37.5,1,
D4,F250,7.98,561,Hw,13.8,1,
D4,F250,7.98,562,Hw,14.2,1,
D4,F250,7.98,563,Hw,55.6,1,
D4,F250,7.98,564,Hw,41.2,1,
D4,F250,7.98,565,Hw,33.1,1,
D4,F250,7.98,566,Hw,21.6,1,
D4,F350,7.98,166,Ep,13.1,1,new tree
D4,F350,7.98,167,Hw,12.1,1,new tree
D4,F350,7.98,168,Hw,13.4,1,new tree
D4,F350,7.98,169,Hw,10.7,1,new tree
D4,F350,7.98,170,Ep,13.8,1,new tree
D4,F350,7.98,567,Ep,20.1,1,
D4,F350,7.98,568,Ep,21.2,1,
D4,F350,7.98,569,At,,5,
D4,F350,7.98,570,At,14.9,1,
D4,G050,7.98,538,Hw,48.3,1,
D4,G050,7.98,539,Hw,46,4,
D4,G050,7.98,540,Hw,49.9,1,
D4,G050,7.98,541,Hw,25.5,1,
D4,G050,7.98,542,Hw,57.6,1,
D4,G050,7.98,543,Hw,17.9,1,
D4,G150,7.98,528,Hw,45.6,1,
D4,G150,7.98,529,Hw,20.9,1,
D4,G150,7.98,530,Hw,35.4,1,
D4,G150,7.98,531,Hw,52.6,1,
D4,G250,7.98,174,Hw,11.3,1,new tree
D4,G250,7.98,175,Hw,11.4,1,new tree
D4,G250,7.98,176,Sx,10.3,1,new tree
D4,G250,7.98,177,Sx,10,1,new tree
D4,G250,7.98,178,Sx,12.9,1,new tree
D4,G250,7.98,511,Hw,29.2,1,
D4,G250,7.98,512,Hw,15.2,2,
D4,G250,7.98,513,Hw,40.5,1,
D4,G250,7.98,514,Hw,25.8,1,
D4,G250,7.98,515,Hw,17.2,1,
D4,G250,7.98,516,Hw,12.6,1,
D4,G250,7.98,517,Hw,18.6,1,
D4,G250,7.98,518,Hw,34.1,1,
D4,G350,7.98,162,Hw,10.1,1,new tree
D4,G350,7.98,163,Hw,11.9,1,new tree
D4,G350,7.98,501,Hw,47.5,1,
D4,G350,7.98,502,Hw,21.1,1,
D4,G350,7.98,503,Hw,51.6,1,
D4,G350,7.98,504,Hw,19.3,1,
D4,G350,7.98,505,Hw,41.5,1,
D4,G350,7.98,506,Hw,43.5,1,
D4,G350,7.98,507,Hw,16.4,4,
D4,G350,7.98,508,Hw,45.5,2,
D4,G350,7.98,509,Hw,12.7,2,
D4,G350,7.98,510,Bl,13.7,4,
D4,H000,7.98,532,Hw,59.1,1,
D4,H000,7.98,533,Hw,12.4,1,
D4,H000,7.98,534,Hw,14.5,1,
D4,H000,7.98,535,Hw,35,1,
D4,H000,7.98,536,Hw,22.6,2,
D4,H000,7.98,537,Hw,32.7,4,
D4,H100,5.64,519,Hw,43.8,1,
D4,H100,5.64,520,Hw,23.2,1,
D4,H100,5.64,521,Hw,,5,
D4,H100,5.64,522,Hw,26.6,1,
D4,H100,5.64,523,Hw,,5,
D4,H100,5.64,524,Hw,30.8,1,
D4,H100,5.64,525,Hw,11.9,1,
D4,H100,5.64,526,Hw,33.4,1,
D4,H100,5.64,527,Hw,13.3,1,
D4,H100,7.98,999,Hw,43.4,1,
D4,H100,7.98,999,Hw,47.7,1,
D4,H100,7.98,999,Hw,50.4,1,
D5,A050,7.98,356,Ba,41.2,4,
D5,A050,7.98,357,Hw,62.8,1,
D5,A050,7.98,358,Hw,91,1,
D5,A050,7.98,359,Hw,62,1,
D5,A050,7.98,360,Hw,77.3,1,
D5,A050,7.98,361,Hw,28.8,1,
D5,A050,7.98,362,Hw,65.2,1,
D5,A050,7.98,363,Hw,31.8,1,
D5,A050,7.98,364,Ba,30.8,1,
D5,A050,7.98,365,Hw,65.7,1,
D5,A150,7.98,366,Hw,71.7,1,
D5,A150,7.98,367,Hw,70.9,2,
D5,A150,7.98,368,Ba,80.7,1,
D5,A150,7.98,369,Ba,28,1,
D5,A150,7.98,370,Hw,83.5,1,
D5,A150,7.98,505,Ba,14.6,1,new tree
D5,A150,7.98,506,Sx,11.2,1,new tree
D5,A150,7.98,507,Sx,12,1,new tree
D5,B100,7.98,105,Bl,10.2,1,new tree
D5,B100,7.98,546,Hw,47.8,1,
D5,B100,7.98,547,Ba,31,1,
D5,B100,7.98,548,Hw,41.3,1,
D5,B100,7.98,549,Hw,20,1,
D5,B100,7.98,550,Hw,16.5,1,
D5,B100,7.98,551,Ba,32.9,1,
D5,B100,7.98,552,Hw,82.6,1,
D5,B100,7.98,553,Ba,,5,
D5,B100,7.98,554,Hw,75.2,1,
D5,B450,7.98,374,Hw,72.1,1,
D5,B450,7.98,375,Ba,20.1,1,
D5,B450,7.98,376,Ba,13.3,1,
D5,B450,7.98,377,Ba,13.2,2,
D5,B450,7.98,378,Ba,22.9,4,
D5,B450,7.98,379,Hw,50.1,1,
D5,C150,7.98,395,Hw,46.8,1,
D5,C150,7.98,396,Hw,95,1,
D5,C150,7.98,397,Hw,56,1,
D5,C150,7.98,398,Hw,67.8,1,
D5,C250,5.64,388,Hw,14.4,1,
D5,C250,5.64,389,Hw,13.6,1,
D5,C250,5.64,390,Hw,12.3,1,
D5,C250,5.64,391,Hw,15,1,
D5,C250,5.64,392,Hw,17.2,1,
D5,C250,5.64,393,Hw,15.3,1,
D5,C250,5.64,394,Hw,16.9,1,
D5,C250,5.64,521,Hw,11,1,new tree
D5,C250,5.64,522,Hw,10.9,1,new tree
D5,C250,7.98,999,Hw,43,1,
D5,C250,7.98,999,Hw,61.8,1,
D5,C250,7.98,999,Hw,73.8,1,
D5,C450,7.98,380,Hw,11.2,1,
D5,C450,7.98,381,Hw,20.3,1,
D5,C450,7.98,382,Bl,37.5,4,
D5,D000,7.98,407,Hw,18.7,1,
D5,D000,7.98,408,Ba,48.3,1,
D5,D000,7.98,409,Ba,24,4,
D5,D000,7.98,410,Hw,11.2,4,
D5,D000,7.98,411,Hw,15,1,
D5,D000,7.98,412,Hw,13.9,1,
D5,D000,7.98,413,Hw,45.8,1,
D5,D000,7.98,414,Ba,15.7,1,
D5,D000,7.98,415,Hw,56.7,1,
D5,D000,7.98,416,Hw,16.9,1,
D5,D000,7.98,417,Hw,73.5,1,
D5,D000,7.98,418,Ba,17.4,1,
D5,D100,7.98,419,Hw,75.4,1,
D5,D100,7.98,420,Hw,71,1,
D5,D100,7.98,421,Hw,39.8,1,
D5,D100,7.98,422,Hw,42,4,
D5,D200,7.98,423,Hw,69,1,
D5,D200,7.98,424,Ba,38.5,1,
D5,D200,7.98,425,Ba,24,1,
D5,D200,7.98,426,Hw,38.1,1,
D5,D200,7.98,427,Hw,,5,
D5,D200,7.98,428,Hw,21,3,
D5,D200,7.98,429,Hw,28.3,1,
D5,D200,7.98,430,Ba,28,2,
D5,D200,7.98,431,Hw,31.5,1,
D5,D300,7.98,438,Hw,12.3,1,
D5,D300,7.98,439,Hw,55.6,2,
D5,D300,7.98,440,Ba,13.2,1,
D5,D300,7.98,441,Ba,16.9,1,
D5,D300,7.98,442,Hw,12.8,2,
D5,D300,7.98,443,Hw,41.8,1,
D5,D300,7.98,444,Ba,35.2,1,
D5,D300,7.98,445,Hw,78,1,
D5,D300,7.98,446,Cw,20.9,1,
D5,D300,7.98,447,Hw,19.8,1,
D5,D300,7.98,448,Hw,54.9,1,
D5,E000,7.98,482,Cw,30.6,4,
D5,E000,7.98,483,Hw,12.5,2,
D5,E000,7.98,484,Cw,22.2,4,
D5,E000,7.98,485,Cw,12,4,
D5,E000,7.98,486,Cw,36.6,2,
D5,E000,7.98,487,Cw,12.5,1,
D5,E000,7.98,488,Cw,11.8,1,
D5,E000,7.98,489,Hw,73.8,1,
D5,E000,7.98,490,Cw,20.1,1,
D5,E000,7.98,491,Hw,27.5,1,
D5,E000,7.98,492,Cw,47,1,
D5,E000,7.98,493,Hw,44.3,1,
D5,E000,7.98,494,Hw,11.7,2,
D5,E000,7.98,495,Sx,20.4,1,
D5,E000,7.98,496,Sx,38.6,1,
D5,E000,7.98,497,Hw,12,2,
D5,E100,7.98,473,Hw,13.6,1,
D5,E100,7.98,474,Hw,46.1,1,
D5,E100,7.98,475,Cw,73.9,1,
D5,E100,7.98,476,Hw,31.2,1,
D5,E100,7.98,477,Hw,27,1,
D5,E100,7.98,478,Hw,15.5,4,
D5,E100,7.98,479,Hw,19.5,1,
D5,E100,7.98,480,Hw,73.5,1,
D5,E100,7.98,481,Hw,47.9,1,
D5,E300,5.64,432,Ba,32.5,1,
D5,E300,5.64,433,Hw,52.7,1,
D5,E300,5.64,434,Hw,23.4,1,
D5,E300,5.64,435,Hw,59.4,1,
D5,E300,5.64,436,Hw,85,1,
D5,E300,5.64,437,Cw,37.4,1,
D5,E400,5.64,454,Hw,14.1,1,
D5,E400,5.64,455,Ba,19.4,1,
D5,E400,5.64,456,Hw,15.7,1,
D5,E400,5.64,457,Hw,21.7,1,
D5,E400,5.64,458,Ba,23.4,1,
D5,F250,5.64,463,Hw,28.4,1,
D5,F250,5.64,464,Cw,39.5,1,
D5,F250,5.64,465,Ba,28.3,1,
D5,F250,5.64,466,Hw,28.7,1,
D5,F250,5.64,467,Hw,66.6,1,
D5,F250,5.64,468,Hw,,5,
D5,F250,5.64,469,Cw,27.9,1,
D5,F250,7.98,999,Hw,49.7,1,
D5,G000,3.99,505,Hw,12.2,1,
D5,G000,3.99,506,Ba,16.9,1,
D5,G000,3.99,507,Hw,54.6,1,
D5,G000,3.99,508,Hw,22.6,1,
D5,G000,3.99,509,Hw,57.5,1,
D5,G100,5.64,510,Ba,21.6,1,
D5,G100,5.64,511,Hw,22,1,
D5,G100,5.64,512,Ba,31.3,1,
D5,G100,5.64,513,Ba,35.2,1,
D5,G100,5.64,514,Hw,50.5,1,
D5,G100,5.64,515,Hw,54.3,1,
D5,G100,5.64,516,Ba,20.6,1,
D5,G100,7.98,999,Hw,53.9,1,
D5,G200,7.98,523,Hw,57.4,1,
D5,G200,7.98,524,Hw,52.5,1,
D5,G200,7.98,525,Ba,21.8,1,
D5,G200,7.98,526,Hw,54.4,1,
D5,H000,7.98,527,Ba,38.6,1,
D5,H000,7.98,528,Hw,19.1,1,
D5,H000,7.98,529,Hw,10.1,4,
D5,H000,7.98,530,Hw,26.3,1,
D5,H000,7.98,531,Hw,16,1,
D5,H000,7.98,532,Sx,23.4,1,
D5,H000,7.98,533,Hw,72.8,1,
D5,H000,7.98,534,Hw,36.7,1,
D5,H000,7.98,535,Hw,14.9,1,
